#,etablissement,ville,commune,capacite_d_accueil,montant_des_frais_d_inscription,liste_des_filieres,sigle,commune,location,phone,email,website,subs_fee,scho_amount,sectors
1,AMERICAN UNIVERSITY OF COTE D'IVOIRE -(AUCI),ABIDJAN,COCODY,0,200 000 (portion de la scolarité du trim.),825,AUCI,COCODY,"COCODY-ANGRE, 8e Tranche,  Proximité Paroisse Jean-Paul II",['27 22 20 69 93'],[email protected],www.auciv.education,200 000 (portion de la scolarité du trim.),435 000 F/trimestre,"['FILIERE(S) DE FORMATION,CYCLE', '']"
2,BORDEAUX ECOLE DE MANAGEMENT -(BEM Abidjan),ABIDJAN,COCODY,0,,1014,,COCODY,,[''],,,,,"['FILIERE(S) DE FORMATION,CYCLE', '']"
3,CENTRE UNIVERSITAIRE PROFESSIONNALISE -(CUP),ABIDJAN,COCODY,0,100.000,283,CUP,COCODY,"Centre Universitaire Professionnalisé d’Abidjan sis à la RIVIERA 2 BONOUMIN , non loin de «CAP NORD »",['22493965'],[email protected],//www.cup-ci.org/,100.000,160.000,"['FILIERE(S) DE FORMATION,CYCLE', 'BTS : AD / ASSISTANAT DE DIRECTION,BTS', 'BTS : ATPA / AGRICULTURE TROPICALE OPTION PRODUCTION ANIMALE,BTS', 'BTS : ATPV / AGRICULTURE TROPICALE OPTION PRODUCTION VEGETALE,BTS', 'BTS : FCGE / FINANCES COMPTABILITE ET GESTION DES ENTREPRISES,BTS', 'BTS : GBAT / GENIE CIVIL OPTION BATIMENT,BTS', 'BTS : GEC / GESTION COMMERCIALE,BTS', 'BTS : GEE / GENIE ENERGETIQUE ET ENVIRONNEMENT,BTS', ""BTS : GERN / GESTION DE L'ENVIRONNEMENT ET DES RESSOURCES NATURELLES,BTS"", 'BTS : IACC / INDUSTRIES AGRO-ALIMENTAIRES ET CHIMIQUES OPTION CONTROLE,BTS', 'BTS : IACP / INDUSTRIES AGRO-ALIMENTAIRES ET CHIMIQUES OPTION PRODUCTION,BTS', ""BTS : IDA / INFORMATIQUE DEVELOPPEUR D'APPLICATIONS,BTS"", 'BTS : LOG / LOGISTIQUE,BTS', 'BTS : RHC / RESSOURCES HUMAINES ET COMMUNICATION,BTS', 'BTS : RIT / RESEAUX INFORMATIQUES ET TELECOMMUNICATIONS,BTS', 'LICENCE DE DROIT,Licence', 'LICENCE DE SCIENCES ECONOMIQUES ET DE GESTION (PRIVE),Licence', '""LICENCE Information, communication et ressources humaines"",Licence', 'LICENCE RIT / RESEAUX INFORMATIQUES ET TELECOMMUNICATIONS,Licence', '']"
4,CERAP/UNIVERSITE JESUITE -(CERAP/UJ),ABIDJAN,COCODY,0,,1005,,COCODY,,[''],,,,,"['FILIERE(S) DE FORMATION,CYCLE', 'LICENCE ADMINISTRATION DES ENTREPRISES OPTION MARKETING ET COMMUNICATION,Licence', 'LICENCE MANAGEMENT DES PROJETS,Licence', 'LICENCE PROFESSIONNELLE EN FINANCE ET COMPTABILITE (PFC),Licence', '']"
5,ECOLE SUPERIEURE D'INTERPRETARIAT ET DE TRADUCTION -(ESIT),ABIDJAN,COCODY,0,,533,,COCODY,,[''],[email protected],,,,"['FILIERE(S) DE FORMATION,CYCLE', '""LICENCE COMMUNICATION : COMMUNICATION ENTREPRISE, JOURNALISTE TV"",Licence', ""LICENCE D'ANGLAIS (PRIVE),Licence"", ""LICENCE D'ESPAGNOL,Licence"", 'LICENCE EN LETTRE MODERNE (PRIVE),Licence', '']"
6,ECOLE SUPERIEURE GADJI_UNIVERSITÉ -(ESUG_UNIVERSITÉ),ABIDJAN,PLATEAU,0,250 000 F,1031,ESUG,PLATEAU,Plateau sorbonne immeuble gyam 1er étage,"['2720220786 ', ' 0505741615  ', ' 0101517258 ', ' 0709136544 ', ' 0140939454']",[email protected],www.groupe- esug.com,250 000 F,,"['FILIERE(S) DE FORMATION,CYCLE', ""LICENCE D'ANGLAIS (PRIVE),Licence"", 'LICENCE DE DROIT,Licence', 'LICENCE DE GEOGRAPHIE (PRIVE),Licence', 'LICENCE DE SCIENCES ECONOMIQUES ET DE GESTION (PRIVE),Licence', 'LICENCE EN LETTRE MODERNE (PRIVE),Licence', ""LICENCE EN SCIENCE DE L'INFORMATION ET DE LA COMMUNICATION,Licence"", 'LICENCE EN SOCIOLOGIE ET ETHNOLOGIE,Licence', '']"
7,ECOLE SUPERIEURE LE PETIT CHAMPION_UNIVERSITE -(ESPC_UNIVERSITE),ABIDJAN,ABOBO,0,,1033,,ABOBO,,[''],,,,,"['FILIERE(S) DE FORMATION,CYCLE', '']"
8,ECOLE SUPERIEURE PLURIDISCIPLINAIRE D'ABIDJAN COCODY -(ESPA COCODY),ABIDJAN,COCODY,0,,826,,COCODY,Cocody 2 Plateaux Angré 7ième Tranche,"['22 41 36 68', ' 68 42 17 23']",[email protected],www.espa-university.tech,,,"['FILIERE(S) DE FORMATION,CYCLE', 'LICENCE AGRICULTURE TROPICALE,Licence', '""LICENCE COMMUNICATION : COMMUNICATION ENTREPRISE, JOURNALISTE TV"",Licence', 'LICENCE DE DROIT,Licence', 'LICENCE DE SCIENCES ECONOMIQUES ET DE GESTION (PRIVE),Licence', 'LICENCE MARKETING,Licence', '']"
9,ECOLE SUPERIEURE PLURIDISCIPLINAIRE D'ABIDJAN/YAMOUSSOUKRO -(ESPA YAMOUSSOUKRO),YAMOUSSOUKRO,YAMOUSSOUKRO,0,,860,,YAMOUSSOUKRO,,[''],,,,,"['FILIERE(S) DE FORMATION,CYCLE', 'BTS : CV / COMMUNICATION VISUELLE,BTS', 'LICENCE AGRICULTURE TROPICALE,Licence', 'LICENCE DE DROIT,Licence', 'LICENCE DE SCIENCES ECONOMIQUES ET DE GESTION (PRIVE),Licence', ""LICENCE EN SCIENCE DE L'INFORMATION ET DE LA COMMUNICATION,Licence"", 'LICENCE MARKETING,Licence', '']"
10,ECOLE TECHNIQUE INFORMATIQUE ET COMMERCIALE-UNIVERSITY -(ETIC-UNIVERSITY),ABIDJAN,COCODY,0,,903,,COCODY,"COCODY 2 PLATEAUX, derrière le siège de l’ONG  SERVIR","['22 41 54 06 ', ' 22 41 15 11']",[email protected],,,,"['FILIERE(S) DE FORMATION,CYCLE', 'LICENCE DE DROIT,Licence', 'LICENCE DE SCIENCES ECONOMIQUES ET DE GESTION (PRIVE),Licence', 'LICENCE DE SCIENCES INFORMATIQUES,Licence', 'LICENCE EN GESTION DES RESSOURCES HUMAINES,Licence', '""LICENCE Information, communication et ressources humaines"",', 'LICENCE SCIENCES BIOLOGIQUES (PRIVE),Licence', 'LICENCE SCIENCES MINIERES ET GEOLOGIQUES (PRIVE),Licence', '']"
11,EMMAUS INTERNATIONAL UNIVERSITY -(EIU),ABIDJAN,COCODY,0,,851,EIU,COCODY,,"['0708389517', ' 0747496931']",emmausuniversity@ gmail.com,www.emmaus-university.com,,,"['FILIERE(S) DE FORMATION,CYCLE', '']"
12,ETIC UNIVERSTY BONDOUKOU,BONDOUKOU,BONDOUKOU,0,,2123,,BONDOUKOU,,[''],,,,,"['FILIERE(S) DE FORMATION,CYCLE', 'LICENCE DE DROIT,Licence', 'LICENCE DE SCIENCES ECONOMIQUES ET DE GESTION (PRIVE),BTS', 'LICENCE DE SCIENCES INFORMATIQUES,Licence', 'LICENCE EN MINES GEOLOGIE ET PETROLE,Licence', '']"
13,ETIC UNIVERSTY KORHOGO,KORHOGO,KORHOGO,0,,2121,,KORHOGO,,[''],,,,,"['FILIERE(S) DE FORMATION,CYCLE', 'LICENCE DE DROIT,Licence', 'LICENCE DE SCIENCES ECONOMIQUES ET DE GESTION (PRIVE),Licence', 'LICENCE INFORMATIQUE OPTION GENIE LOGICIEL,Licence', '']"
14,ETIC UNIVERSTY ODIENNE,ODIENNE,ODIENNE,0,,2122,,ODIENNE,,[''],,,,,"['FILIERE(S) DE FORMATION,CYCLE', 'LICENCE DE DROIT,Licence', 'LICENCE DE SCIENCES ECONOMIQUES ET DE GESTION (PRIVE),BTS', 'LICENCE EN MINES GEOLOGIE ET PETROLE,Licence', '']"
15,FACULTES UNIVERSITAIRES PRIVEES D'ABIDJAN -(FUPA),ABIDJAN,COCODY,0,165 000 F CFA,523,FUPA,COCODY,Deux Plateaux Aghien Carrefour Opéra.,"['27 22 42 32 54 ', ' 0708 655\xa0539 ', ' 0504 598 787']",[email protected],www.fupa-edu.com,165 000 F CFA,595 000 F CFA,"['FILIERE(S) DE FORMATION,CYCLE', 'LICENCE DE DROIT,Licence', 'LICENCE DE SCIENCES ECONOMIQUES ET DE GESTION (PRIVE),Licence', 'LICENCE PROFESSIONNELLE EN FINANCE ET COMPTABILITE (PFC),Licence', '']"
16,GLOBAL NUMERIK UNIVERSITY -(GNU),ABIDJAN,COCODY,0,85.000 F,1030,GNU,COCODY,"Cocody Angré, 8è tranche, derrière la pharmacie 8e tranche, cité abri 2000",['2722523803 - 0778443042 - 0140722436 - 0787806191'],[email protected],www.gn-university.com,85.000 F,0 F pour les affectés et 160.000 F pour les non affectés.,"['FILIERE(S) DE FORMATION,CYCLE', 'BTS : AD / ASSISTANAT DE DIRECTION,BTS', 'BTS : FCGE / FINANCES COMPTABILITE ET GESTION DES ENTREPRISES,BTS', 'BTS : GBAT / GENIE CIVIL OPTION BATIMENT,BTS', 'BTS : GEC / GESTION COMMERCIALE,BTS', ""BTS : IDA / INFORMATIQUE DEVELOPPEUR D'APPLICATIONS,BTS"", 'BTS : LOG / LOGISTIQUE,BTS', 'BTS : MGP / MINES GEOLOGIE ET PETROLE,BTS', 'BTS : RHC / RESSOURCES HUMAINES ET COMMUNICATION,BTS', 'BTS : SEI / SYSTEMES ELECTRONIQUES ET INFORMATIQUES,BTS', 'BTS : TH / TOURISME HOTELLERIE,BTS', '']"
17,HAUTES ETUDES COMMERCIALES D'ABIDJAN -(HEC-ABIDJAN),ABIDJAN,COCODY,0,175 000,273,HEC-ABIDJAN,COCODY,COCODY EN FACE DE L'ECOLE DE LA GENDARMERIE,['22484812'],[email protected],//www.hecabidjan.ci/index/,175 000,0,"['FILIERE(S) DE FORMATION,CYCLE', 'BTS : FCGE / FINANCES COMPTABILITE ET GESTION DES ENTREPRISES,BTS', 'BTS : GEC / GESTION COMMERCIALE,BTS', ""BTS : GERN / GESTION DE L'ENVIRONNEMENT ET DES RESSOURCES NATURELLES,BTS"", 'BTS : GTP / GENIE CIVIL OPTION TRAVAUX PUBLICS,BTS', ""BTS : IDA / INFORMATIQUE DEVELOPPEUR D'APPLICATIONS,BTS"", 'BTS : MGP / MINES GEOLOGIE ET PETROLE,BTS', 'BTS : RHC / RESSOURCES HUMAINES ET COMMUNICATION,BTS', 'BTS : RIT / RESEAUX INFORMATIQUES ET TELECOMMUNICATIONS,BTS', 'BTS : URBA / URBANISME,BTS', 'LICENCE ADMINISTRATION DES AFFAIRES,Licence', 'LICENCE EN GESTION DES RESSOURCES HUMAINES,Licence', 'LICENCE INFORMATIQUE OPTION GENIE LOGICIEL,Licence', 'LICENCE MARKETING MANAGEMENT,Licence', 'LICENCE PROFESSIONNELLE EN FINANCE ET COMPTABILITE (PFC),Licence', 'LICENCE RIT / RESEAUX INFORMATIQUES ET TELECOMMUNICATIONS,Licence', 'LICENCE TRANSPORT ET LOGISTIQUE,Licence', '']"
18,IIPEA UNIVERSITE COCODY,ABIDJAN,COCODY,0,,2092,,COCODY,,[''],,,,,"['FILIERE(S) DE FORMATION,CYCLE', ""LICENCE D'ANGLAIS (PRIVE),Licence"", 'LICENCE DE DROIT,Licence', 'LICENCE DE SCIENCES ECONOMIQUES ET DE GESTION (PRIVE),Licence', ""LICENCE EN SCIENCE DE L'INFORMATION ET DE LA COMMUNICATION,Licence"", 'LICENCE EN SOCIOLOGIE ET ETHNOLOGIE,Licence', '""LICENCE LETTRES, ARTS ET SCIENCES HUMAINES"",Licence', '']"
19,INSITUT SUPERIEUR D'INGENIERIE ET DE SANTE YAMOUSSOUKRO -(ISIS YAMOUSSOUKRO),YAMOUSSOUKRO,YAMOUSSOUKRO,0,85 000 F,859,ISIS,YAMOUSSOUKRO,QUARTIER HABITAT ET COLLÉ À LA PMI YAMOUSSOUKRO,['27 21 78 49 20'],[email protected],www.isis-university.tech,85 000 F,370 000 F,"['FILIERE(S) DE FORMATION,CYCLE', 'LICENCE ELECTROMECANIQUE ET MECATRONIQUE,Licence', 'LICENCE ELECTRONIQUE,Licence', 'LICENCE GENIE BIOMEDICAL,Licence', 'LICENCE Génie civil,Licence', 'LICENCE HYGIENE,Licence', 'LICENCE IMAGERIE MEDICALE ET RADIOTHERAPIE,Licence', 'LICENCE RIT / RESEAUX INFORMATIQUES ET TELECOMMUNICATIONS,Licence', 'LICENCE SECRETARIAT MEDICAL DOCUMENTALISTE,Licence', '']"
20,INSTITIES-LE CAMPUS COCODY_UNIVERSITEUT D'ENSEIGNEMENT SUPERIEUR LE CAMPUS COCODY -(IES-LE CAMPUS COCODY),ABIDJAN,,0,,1060,,,,[''],,,,,"['FILIERE(S) DE FORMATION,CYCLE', '']"
21,INSTITUT CATHOLIQUE MISSIONNAIRE D'ABIDJAN -(ICMA),ABIDJAN,ABOBO,0,,1009,,ABOBO,,[''],,,,,"['FILIERE(S) DE FORMATION,CYCLE', 'LICENCE ANTHROPOLOGIE (PRIVE),Licence', ""LICENCE D'ANGLAIS (PRIVE),Licence"", 'LICENCE DE DROIT,Licence', 'LICENCE DE PHILOSOPHIE (PRIVE),Licence', 'LICENCE DE SCIENCES ECONOMIQUES ET DE GESTION (PRIVE),Licence', 'LICENCE DE SCIENCES INFORMATIQUES,Licence', 'LICENCE DEVELOPPEMENT DURABLE,Licence', ""LICENCE EN SCIENCE DE L'INFORMATION ET DE LA COMMUNICATION,Licence"", 'LICENCE EN SOCIOLOGIE ET ETHNOLOGIE,Licence', 'LICENCE MANAGEMENT DES PROJETS,Licence', 'LICENCE MANAGEMENT ET LEADERSHIP,Licence', 'LICENCE PSYCHOLOGIE (PRIVE),Licence', '']"
22,INSTITUT D'ENSEIGNEMENT SUPERIEUR LE CAMPUS COCODY_UNIVERSITE -(IES-LE CAMPUS COCODY_UNIVERSITE),ABIDJAN,COCODY,0,,1028,,COCODY,,[''],,,,,"['FILIERE(S) DE FORMATION,CYCLE', 'LICENCE ADMINISTRATION DES ENTREPRISES OPTION MARKETING ET COMMUNICATION,Licence', ""LICENCE D'ANGLAIS (PRIVE),Licence"", 'LICENCE DE DROIT,Licence', 'LICENCE DE SCIENCES ECONOMIQUES ET DE GESTION (PRIVE),Licence', ""LICENCE EN SCIENCE DE L'INFORMATION ET DE LA COMMUNICATION,Licence"", '""LICENCE LETTRES, ARTS ET SCIENCES HUMAINES"",Licence', 'LICENCE MANAGEMENT ET LEADERSHIP,Licence', 'LICENCE RELATIONS INTERNATIONALES ET DIPLOMATIE,Licence', 'LICENCE RIT / RESEAUX INFORMATIQUES ET TELECOMMUNICATIONS,Licence', 'LICENCE STATISTIQUES ET ECONOMIE APPLIQUEE,Licence', '']"
23,INSTITUT D'ENSEIGNEMENT SUPERIEUR LE CAMPUS MAN_UNIVERSITE -(IES-LE CAMPUS MAN_UNIVERSITE),MAN,MAN,0,,1029,,MAN,,[''],,,,,"['FILIERE(S) DE FORMATION,CYCLE', 'LICENCE ADMINISTRATION DES AFFAIRES,Licence', 'LICENCE ADMINISTRATION DES ENTREPRISES OPTION MARKETING ET COMMUNICATION,Licence', 'LICENCE AUDIT ET CONTROLE DE GESTION,Licence', 'LICENCE COMMUNICATION DIGITALE,Licence', ""LICENCE D'ANGLAIS (PRIVE),Licence"", 'LICENCE DE DROIT,Licence', 'LICENCE DE SCIENCES ECONOMIQUES ET DE GESTION (PRIVE),Licence', 'LICENCE DEVELOPPEMENT DURABLE,Licence', ""LICENCE EN SCIENCE DE L'INFORMATION ET DE LA COMMUNICATION,Licence"", 'LICENCE FINANCE BANQUE ASSURANCE (FBA),Licence', ""LICENCE GESTION DE L'ENVIRONNEMENT ET DES RESSOURCES NATURELLES,Licence"", 'LICENCE Génie civil,Licence', 'LICENCE Géologie mine pétrole et environnement,Licence', '""LICENCE Information, communication et ressources humaines"",Licence', '""LICENCE LETTRES, ARTS ET SCIENCES HUMAINES"",Licence', 'LICENCE MANAGEMENT DES PROJETS,Licence', 'LICENCE MANAGEMENT ET LEADERSHIP,Licence', 'LICENCE MANAGEMENT TOURISTIQUE ET HOTELIER,Licence', 'LICENCE MARKETING MANAGEMENT,Licence', 'LICENCE PROFESSIONNELLE EN FINANCE ET COMPTABILITE (PFC),Licence', 'LICENCE QUALITE SECURITE ENVIRONNEMENT,Licence', 'LICENCE RELATIONS INTERNATIONALES ET DIPLOMATIE,Licence', 'LICENCE RIT / RESEAUX INFORMATIQUES ET TELECOMMUNICATIONS,Licence', 'LICENCE STATISTIQUES ET ECONOMIE APPLIQUEE,Licence', 'LICENCE TRANSPORT ET LOGISTIQUE,Licence', '']"
24,INSTITUT D'ENSEIGNEMENT SUPERIEUR LE CAMPUS YOPOUGON_UNIVERSITE -(IES-LE CAMPUS YOPOUGON_UNIVERSITE),ABIDJAN,YOPOUGON,0,,1017,,YOPOUGON,,[''],,,,,"['FILIERE(S) DE FORMATION,CYCLE', 'LICENCE ADMINISTRATION DES ENTREPRISES OPTION MARKETING ET COMMUNICATION,Licence', ""LICENCE D'ANGLAIS (PRIVE),Licence"", 'LICENCE DE DROIT,Licence', 'LICENCE DE SCIENCES ECONOMIQUES ET DE GESTION (PRIVE),Licence', ""LICENCE EN SCIENCE DE L'INFORMATION ET DE LA COMMUNICATION,Licence"", '""LICENCE LETTRES, ARTS ET SCIENCES HUMAINES"",Licence', 'LICENCE MANAGEMENT ET LEADERSHIP,Licence', 'LICENCE RELATIONS INTERNATIONALES ET DIPLOMATIE,Licence', 'LICENCE RIT / RESEAUX INFORMATIQUES ET TELECOMMUNICATIONS,Licence', 'LICENCE STATISTIQUES ET ECONOMIE APPLIQUEE,Licence', '']"
25,INSTITUT DE MANAGEMENT ET DES TECHNOLOGIES -(IMAT),ABIDJAN,COCODY,0,100.000 FCFA,1019,IMAT ABIDJAN,COCODY,DEUX PLATEAUX 7e TRANCHE NON LOIN DE LA PHARMACIE 7e TRANCHE,['25 21 00 34 28'],[email protected],www.imatabidjan.com,100.000 FCFA,,"['FILIERE(S) DE FORMATION,CYCLE', '']"
26,INSTITUT EUROPEEN DES AFFAIRES -(IEA-ABIDJAN),ABIDJAN,COCODY,0,,1010,,COCODY,,[''],,,,,"['FILIERE(S) DE FORMATION,CYCLE', '']"
27,INSTITUT IES-LE CAMPUS COCODY_UNIVERSITESUPERIEUR LE CAMPUS COCODY -(IES-LE CAMPUS COCODY),ABIDJAN,COCODY,0,,1059,,COCODY,,[''],,,,,"['FILIERE(S) DE FORMATION,CYCLE', '']"
28,INSTITUT IVOIRIEN DE TECHNOLOGIE -(IIT),BASSAM,BASSAM,0,50 000F CFA,858,IIT,BASSAM,ZONE FRANCHE VITIB GRAND BASSAM,['53 15 15 15'],[email protected],www.iit.ci,50 000F CFA,800 000F AFFECTES/ 1 150 000F NON AFFECTES,"['FILIERE(S) DE FORMATION,CYCLE', 'LICENCE ADMINISTRATION ET GESTION DES ENTREPRISES,Licence', 'LICENCE DE SCIENCES INFORMATIQUES,Licence', 'LICENCE MARKETING,Licence', 'LICENCE RIT / RESEAUX INFORMATIQUES ET TELECOMMUNICATIONS,Licence', '']"
29,INSTITUT SUPERIEUR D'INGENIERIE ET DE SANTE COCODY -(ISIS COCODY),ABIDJAN,COCODY,0,85000,699,ISIS,COCODY,Cocody 2 Plateaux Angré 7ième Tranche,['22 41 36 68'],[email protected],www.isis-university.tech,85000,,"['FILIERE(S) DE FORMATION,CYCLE', 'LICENCE DE SCIENCES INFORMATIQUES,Licence', 'LICENCE ELECTROMECANIQUE ET MECATRONIQUE,Licence', 'LICENCE ELECTRONIQUE,Licence', 'LICENCE EN NUTRITION HUMAINE,Licence', 'LICENCE EN OPTIQUE ET LUNETTERIE,Licence', 'LICENCE EN PROTHESE DENTAIRE,Licence', 'LICENCE EN SANTE ET SECURITE AU TRAVAIL,Licence', 'LICENCE GENIE BIOMEDICAL,Licence', 'LICENCE Génie civil,Licence', 'LICENCE HYGIENE,Licence', 'LICENCE IMAGERIE MEDICALE ET RADIOTHERAPIE,Licence', 'LICENCE RIT / RESEAUX INFORMATIQUES ET TELECOMMUNICATIONS,Licence', 'LICENCE SECRETARIAT MEDICAL DOCUMENTALISTE,Licence', '']"
30,INSTITUT SUPERIEUR UNIVERSITAIRE POLYTECHNIQUE ACKA EWADJO CECILE -(ISUPEC),GRAND LAHOU,GRAND LAHOU,0,140 000 F,1032,ISUPEC,GRAND LAHOU,,[''],,,140 000 F,,"['FILIERE(S) DE FORMATION,CYCLE', 'LICENCE DE DROIT,Licence', 'LICENCE DE SCIENCES ECONOMIQUES ET DE GESTION (PRIVE),Licence', '']"
31,INSTITUT UNIVERSITAIRE D'ABIDJAN -(IUA),ABIDJAN,COCODY,0,,525,,COCODY,,[''],[email protected],,,,"['FILIERE(S) DE FORMATION,CYCLE', 'LICENCE AUDIT ET CONTROLE DE GESTION,Licence', 'LICENCE DE DROIT,Licence', 'LICENCE DE MATHEMATIQUES,Licence', 'LICENCE DE MATHÉMATIQUE APPLIQUE (PRIVE),Licence', 'LICENCE DE SCIENCES ECONOMIQUES ET DE GESTION (PRIVE),Licence', 'LICENCE DE SCIENCES INFORMATIQUES,Licence', 'LICENCE EN ETUDES DU DÉVELOPPEMENT,Licence', 'LICENCE EN GESTION DES RESSOURCES HUMAINES,Licence', 'LICENCE EN LOGISTIQUE,Licence', 'LICENCE EN MATHEMATIQUE OPTION ACTUARIAT,Licence', ""LICENCE EN SCIENCE DE L'INFORMATION ET DE LA COMMUNICATION,Licence"", 'LICENCE Génie civil,Licence', 'LICENCE MARKETING MANAGEMENT,Licence', 'Licence en Sciences Politiques,Licence', '']"
32,INSTITUT UNIVERSITAIRE D'ABIDJAN-BLUETOOTH -(IUA-BLUETOOTH),ABIDJAN,COCODY,0,,1006,,COCODY,,[''],,,,,"['FILIERE(S) DE FORMATION,CYCLE', 'LICENCE DE DROIT,Licence', 'LICENCE DE MATHÉMATIQUE APPLIQUE (PRIVE),Licence', ""LICENCE DE SCIENCES DE L'INFORMATION ET DE LA COMMUNICATION (SIC),Licence"", 'LICENCE DE SCIENCES ECONOMIQUES ET DE GESTION (PRIVE),Licence', 'LICENCE EN ETUDES DU DÉVELOPPEMENT,Licence', 'LICENCE Génie civil,Licence', 'Licence en Sciences Politiques,Licence', '']"
33,INSTITUT UNIVERSITAIRE D'ABIDJAN-BONOUMIN -(IUA-BONOUMIN),ABIDJAN,COCODY,0,,1007,,COCODY,,[''],,,,,"['FILIERE(S) DE FORMATION,CYCLE', 'LICENCE DE DROIT,Licence', 'LICENCE DE MATHÉMATIQUE APPLIQUE (PRIVE),Licence', 'LICENCE DE SCIENCES ECONOMIQUES ET DE GESTION (PRIVE),Licence', 'LICENCE EN ETUDES DU DÉVELOPPEMENT,Licence', ""LICENCE EN SCIENCE DE L'INFORMATION ET DE LA COMMUNICATION,Licence"", 'LICENCE Génie civil,Licence', 'Licence en Sciences Politiques,Licence', '']"
34,INSTITUT UNIVERSITAIRE D'ABIDJAN-ZINSOU -(IUA-ZINSOU),ABIDJAN,COCODY,0,,1008,,COCODY,,[''],,,,,"['FILIERE(S) DE FORMATION,CYCLE', 'LICENCE DE DROIT,Licence', 'LICENCE DE MATHÉMATIQUE APPLIQUE (PRIVE),Licence', 'LICENCE DE SCIENCES ECONOMIQUES ET DE GESTION (PRIVE),Licence', 'LICENCE EN ETUDES DU DÉVELOPPEMENT,Licence', ""LICENCE EN SCIENCE DE L'INFORMATION ET DE LA COMMUNICATION,Licence"", 'LICENCE Génie civil,Licence', 'Licence en Sciences Politiques,Licence', '']"
35,INSTITUT UNIVERSITAIRE DES SCIENCES ECONOMIQUES JURIDIQUES ET DU DEVELOPPEMENT DURABLE (IUSEJDD),ABIDJAN,COCODY,0,,954,IUSEJDD,COCODY,COCODY AGHIEN NON LOIN DE LA CIE,['22 42 70 99'],[email protected],www.ISC-IHECA.org,,,"['FILIERE(S) DE FORMATION,CYCLE', 'LICENCE DE DROIT,Licence', 'LICENCE DE SCIENCES ECONOMIQUES ET DE GESTION (PRIVE),Licence', '']"
36,"INSTITUT UNIVERSITAIRE DES SCIENCES ECONOMIQUES, JURIDIQUES ET DU DEVELOPPEMENT DURABLE -(IUSEJ2D)",ABIDJAN,COCODY,0,,1026,,COCODY,,[''],,,,,"['FILIERE(S) DE FORMATION,CYCLE', '']"
37,INSTITUT UNIVERSITAIRE DU SUD -(IUS),JACQUEVILLE,JACQUEVILLE,0,,1022,,JACQUEVILLE,,[''],,,,,"['FILIERE(S) DE FORMATION,CYCLE', 'LICENCE DE DROIT,Licence', 'LICENCE DE SCIENCES ECONOMIQUES ET DE GESTION (PRIVE),Licence', '']"
38,INSTITUT UNIVERSITAIRE FRED ET POPPEE,ABIDJAN,COCODY,0,225.000 F,1065,IUFP,COCODY,"Cocody, Attoban, cité les vallées, Rue L167","['(225) 07 87 67 09 40 ', ' (225) 01 70 10 38 11']",[email protected],//www.iufp.ci,225.000 F,1.475.000,"['FILIERE(S) DE FORMATION,CYCLE', ""LICENCE D'ANGLAIS (PRIVE),Licence"", 'LICENCE DE DROIT,Licence', 'LICENCE DE SCIENCES ECONOMIQUES ET DE GESTION (PRIVE),Licence', 'LICENCE RELATIONS INTERNATIONALES ET DIPLOMATIE,Licence', '']"
39,INSTITUT UNIVERSITAIRE POLYTECHNIQUE D'ABIDJAN YOPOUGON_UNIVERSITE -(IUPA YOPOUGON_UNIVERSITE),ABIDJAN,YOPOUGON,0,,1054,,YOPOUGON,,[''],,,,,"['FILIERE(S) DE FORMATION,CYCLE', '']"
40,INSTITUT UNIVERSITAIRE PROFESSIONNALISE (IUP),ABIDJAN,COCODY,0,,1058,IUP,COCODY,COCODY 2 PLATEAUX 7e tranche lot 2864,"['22422252 ', ' 75994199', '49400218']",,,,,"['FILIERE(S) DE FORMATION,CYCLE', 'LICENCE DE DROIT,Licence', 'LICENCE DE SCIENCES ECONOMIQUES ET DE GESTION (PRIVE),Licence', '""LICENCE LETTRES, ARTS ET SCIENCES HUMAINES"",Licence', '']"
41,INSTITUTION UNIVERSITAIRE TECHNOLOGIQUE EUDISTE D'AFRIQUE (IUTEA),ABIDJAN,YOPOUGON,0,,2100,IUTEA,YOPOUGON,,['07 08 25 36 06 - 01 03 70 82 70'],,,,,"['FILIERE(S) DE FORMATION,CYCLE', 'LICENCE ADMINISTRATION ET GESTION DES ENTREPRISES,Licence', ""LICENCE D'AGRO-ECOLOGIE,Licence"", 'LICENCE DE GENIE BATIMENT,Licence', 'LICENCE DE SCIENCES INFORMATIQUES,Licence', '']"
42,Institut International Polytechnique des Elites d'Abidjan COCODY -(IIPEA COCODY),ABIDJAN,COCODY,0,,1018,,COCODY,,[''],,,,,"['FILIERE(S) DE FORMATION,CYCLE', 'LICENCE DE DROIT,Licence', 'LICENCE DE SCIENCES ECONOMIQUES ET DE GESTION (PRIVE),Licence', 'LICENCE EN LETTRE MODERNE (PRIVE),Licence', ""LICENCE EN SCIENCE DE L'INFORMATION ET DE LA COMMUNICATION,Licence"", 'LICENCE EN SOCIOLOGIE ET ETHNOLOGIE,Licence', '']"
43,Institut Universitaire Saint Jean-Paul II (IUSJP2),YAMOUSSOUKRO,YAMOUSSOUKRO,0,,1001,,YAMOUSSOUKRO,,[''],,,,,"['FILIERE(S) DE FORMATION,CYCLE', ""LICENCE D'ANGLAIS (PRIVE),Licence"", ""LICENCE D'ESPAGNOL,Licence"", 'LICENCE DE DROIT,Licence', 'LICENCE DE PHILOSOPHIE (PRIVE),Licence', 'LICENCE DE SCIENCES ECONOMIQUES ET DE GESTION (PRIVE),Licence', 'LICENCE DE SCIENCES INFORMATIQUES,Licence', 'LICENCE EN LETTRE MODERNE (PRIVE),Licence', ""LICENCE EN SCIENCE DE L'INFORMATION ET DE LA COMMUNICATION,Licence"", '']"
44,POLE D'EXCELLENCE ET DE SPECIALISATIONS (PES),ABIDJAN,COCODY,0,215 000 F,1057,UPES,COCODY,Riviera Golfe les versants,"['225 07 12 74 87 99\u202c ', ' \u202a+225 07 09 09 72 86\u202c']",[email protected],,215 000 F,,"['FILIERE(S) DE FORMATION,CYCLE', 'LICENCE DE DROIT,Licence', 'LICENCE DE SCIENCES ECONOMIQUES ET DE GESTION (PRIVE),Licence', 'LICENCE DE SCIENCES INFORMATIQUES,Licence', ""LICENCE EN SCIENCE DE L'INFORMATION ET DE LA COMMUNICATION,Licence"", 'Licence en Sciences Politiques,Licence', '']"
45,POLYTECH ABIDJAN,ABIDJAN,COCODY,0,55000,226,ESPI  abidjan,COCODY,"VALLON RUE DES JARDINS, carrefour DAUPHIN",['22409150'],[email protected],//www.espicotedivoire.com,55000,400.000 non affecté,"['FILIERE(S) DE FORMATION,CYCLE', 'BTS : GBAT / GENIE CIVIL OPTION BATIMENT,BTS', 'BTS : GTP / GENIE CIVIL OPTION TRAVAUX PUBLICS,BTS', 'BTS : LOG / LOGISTIQUE,BTS', 'BTS : TH / TOURISME HOTELLERIE,BTS', 'LICENCE DES PROFESSIONS IMMOBILIERES,Licence', '']"
46,RUSTA UNIVERSITE -(RUSTA UNIVERSITE),ABIDJAN,COCODY,0,450 000 Licence classique / 700 000 Licence Pro,1004,RUSTA-UNIVERSITES,COCODY,"92C6+4Q6, Abidjan)",['0584955768 – 0749400218 – 0584955768 – 0584955639 – 0749494144'],[email protected],www.rusta-universites.com,450 000 Licence  classique / 700 000 Licence Pro,OF pour les affectés et réaffectés de l’Etat,"['FILIERE(S) DE FORMATION,CYCLE', 'LICENCE ANTHROPOLOGIE (PRIVE),Licence', 'LICENCE AUDIT ET CONTROLE DE GESTION,Licence', ""LICENCE D'ANGLAIS (PRIVE),Licence"", 'LICENCE DE DROIT,Licence', 'LICENCE DE GEOGRAPHIE (PRIVE),Licence', 'LICENCE DE HISTOIRE (PRIVE),Licence', 'LICENCE DE MATHEMATIQUES,Licence', 'LICENCE DE PHILOSOPHIE (PRIVE),Licence', 'LICENCE DE SCIENCES DE LA VIE ET DE LA TERRE,Licence', 'LICENCE DE SCIENCES ECONOMIQUES ET DE GESTION (PRIVE),Licence', 'LICENCE EN SOCIOLOGIE ET ETHNOLOGIE,Licence', 'LICENCE FINANCE BANQUE ASSURANCE (FBA),Licence', '""LICENCE LETTRES, ARTS ET SCIENCES HUMAINES"",Licence', 'LICENCE MARKETING,Licence', 'LICENCE PSYCHOLOGIE (PRIVE),Licence', 'Licence en Sciences Politiques,Licence', '']"
47,RUSTA UNIVERSITE ANNEXE DE BOUAKE,BOUAKE,BOUAKE,0,85000,999,RUSTA-UNIVERSITES BOUAKE,BOUAKE,En face Ecole Bambi à Kennedy,['0749400231 – 0769313169 – 0575994199 – 0749400218 – 0797666691 – 0544364500 - 0788111163'],[email protected],//www.rusta-universites.org,85000,,"['FILIERE(S) DE FORMATION,CYCLE', 'LICENCE AUDIT ET CONTROLE DE GESTION,Licence', '""LICENCE COMMUNICATION : COMMUNICATION ENTREPRISE, JOURNALISTE TV"",Licence', ""LICENCE D'ANGLAIS (PRIVE),Licence"", 'LICENCE DE DROIT,Licence', 'LICENCE DE HISTOIRE (PRIVE),Licence', 'LICENCE DE MATHEMATIQUES,Licence', 'LICENCE DE SCIENCES DE LA VIE ET DE LA TERRE,Licence', 'LICENCE DE SCIENCES ECONOMIQUES ET DE GESTION (PRIVE),Licence', 'LICENCE DE SCIENCES INFORMATIQUES,Licence', 'LICENCE EN LETTRE MODERNE (PRIVE),Licence', 'LICENCE Géologie mine pétrole et environnement,Licence', 'LICENCE MANAGEMENT TOURISTIQUE ET HOTELIER,Licence', 'LICENCE MARKETING,Licence', 'LICENCE SOCIOLOGIE,Licence', '']"
48,SEEKA UNIVERSITY -(Seeka U),YAMOUSSOUKRO,YAMOUSSOUKRO,0,100 000 F,2049,Seeka U,YAMOUSSOUKRO,Yamoussoukro quartier Millionnaire,['2730611370 - 0707870951'],[email protected],//seeka.edu.ci,100 000 F,1 500 000 F,"['FILIERE(S) DE FORMATION,CYCLE', 'LICENCE DE SCIENCES INFORMATIQUES,Licence', 'LICENCE ENTREPRENEURIAT,Licence', '']"
49,SWISS UMEF UNIVERSITY OF COTE D'IVOIRE -(UMEF),ABIDJAN,COCODY,0,115 000 F,1015,UMEF,COCODY,RIVIERA 3 RUE USHER ASSOUAN FACE PHARMACIE SAINTE AGATNE,['07 01 102 126'],[email protected],www.swissumef.ci,115 000 F,450 000 / 900 000,"['FILIERE(S) DE FORMATION,CYCLE', 'LICENCE ADMINISTRATION DES AFFAIRES,Licence', 'LICENCE DE DROIT,Licence', '']"
50,TALENT SCHOOL OF BUSINESS (TSB),ABIDJAN,COCODY,0,,853,,COCODY,,['27 22 01 50 19'],,,,,"['FILIERE(S) DE FORMATION,CYCLE', 'LICENCE ADMINISTRATION DES AFFAIRES,Licence', 'LICENCE DE DROIT,Licence', 'LICENCE DE SCIENCES ECONOMIQUES ET DE GESTION (PRIVE),Licence', 'LICENCE DE SCIENCES INFORMATIQUES,Licence', 'LICENCE MARKETING,Licence', 'LICENCE SCIENCES AGRONOMIQUES,Licence', '']"
51,TG MASTER-UNIVERSITY -(TGM-U),ABIDJAN,COCODY,0,,1024,,COCODY,,[''],,,,,"['FILIERE(S) DE FORMATION,CYCLE', '']"
52,UNIVERSITE ADAMA SANOGO -(UAS),ABIDJAN,ABOBO,0,0,522,UAS,ABOBO,PLATEAU DOKUI,"['07 47 00 00 49 ', ' 07 07 88 78 04 ', ' 07 08 20 78 20']",[email protected]/[email protected],//www.groupeadamasanogo.com,0,250 000 F,"['FILIERE(S) DE FORMATION,CYCLE', 'LICENCE DE DROIT,Licence', 'LICENCE DE MATHEMATIQUES,Licence', 'LICENCE DE SCIENCES ECONOMIQUES ET DE GESTION (PRIVE),Licence', 'LICENCE INFORMATIQUE OPTION GENIE LOGICIEL,Licence', '']"
53,UNIVERSITE BILINGUE LA CORNICHE -(UBC),ABIDJAN,COCODY,0,,1034,,COCODY,,[''],,,,,"['FILIERE(S) DE FORMATION,CYCLE', '']"
54,UNIVERSITE CATHOLIQUE D'AFRIQUE DE L'OUEST-UNITE UNIVERSITAIRE D'ABIDAJN -(UCAO-UUA),ABIDJAN,COCODY,0,230.000 FCFA,526,UCAO-UUA,COCODY,"Abidjan Cocody Ambassade, Rue Sainte Marie.","['2722400650 ', ' 0544012509']",[email protected],//www.ucaouua.com,230.000 FCFA,200.000 FCFA,"['FILIERE(S) DE FORMATION,CYCLE', 'LICENCE DE DROIT,Licence', 'LICENCE DE PHILOSOPHIE (PRIVE),Licence', 'LICENCE DE SCIENCES ECONOMIQUES ET DE GESTION (PRIVE),Licence', ""LICENCE EN SCIENCE DE L'INFORMATION ET DE LA COMMUNICATION,Licence"", '']"
55,UNIVERSITE CENTRALE CHAARE TSEDEK -(UCC),DALOA,DALOA,0,100 000 F CFA,2053,UCC DALOA,DALOA,"Quartier Tazibo-Evêché, derrière la banque SGCI, au carrefour Lylidé, près de l'Hôtel Emergence","['27 34 77 55 52  ', '', ' 27 32 76 04 62']",[email protected],//www.ucentrale.com,100 000 F CFA,125 000 F CFA,"['FILIERE(S) DE FORMATION,CYCLE', ""LICENCE D'ANGLAIS (PRIVE),Licence"", 'LICENCE DE DROIT,Licence', 'LICENCE DE SCIENCES ECONOMIQUES ET DE GESTION (PRIVE),Licence', 'LICENCE EN LETTRE MODERNE (PRIVE),Licence', ""LICENCE EN SCIENCE DE L'INFORMATION ET DE LA COMMUNICATION,Licence"", '']"
56,UNIVERSITE CHARLES-LOUIS DE MONTESQUIEU COCODY_UNIVERSITE -(UCLM COCODY_UNIVERSITE),ABIDJAN,COCODY,0,350.000 F,528,,COCODY,,"['07 07 87 25 41', ' 07 07 33 27 64']",[email protected],,350.000 F,500.000 F,"['FILIERE(S) DE FORMATION,CYCLE', 'LICENCE ADMINISTRATION DES ENTREPRISES OPTION MARKETING ET COMMUNICATION,Licence', 'LICENCE DE DROIT,Licence', 'LICENCE DE SCIENCES ECONOMIQUES ET DE GESTION (PRIVE),Licence', '']"
57,UNIVERSITE DE ENTREPRENEURIAT (UE-AZAGUIE),AZAGUIE,AZAGUIE,0,,824,,AZAGUIE,,"['22 49 08 99', ' 07 72 09 40']",,,,,"['FILIERE(S) DE FORMATION,CYCLE', '']"
58,UNIVERSITE DE L'ALLIANCE CHRETIENNE D'ABIDJAN (UACA),ABIDJAN,COCODY,0,,852,UACA,COCODY,M’POUTO CIAD PRES DE LA PHARMACIE LES JARDINS D’EDEN,"['27 22 40 93 00 ', ' 05 06 75 41 81']",[email protected],www.uaca-fateac.org,,,"['FILIERE(S) DE FORMATION,CYCLE', 'LICENCE ANTHROPOLOGIE (PRIVE),Licence', 'LICENCE DE DROIT,Licence', 'LICENCE DE SCIENCES ECONOMIQUES ET DE GESTION (PRIVE),Licence', ""LICENCE EN SCIENCE DE L'INFORMATION ET DE LA COMMUNICATION,Licence"", ""LICENCE SCIENCES DE L'HOMME ET DE LA SOCIETE,Licence"", '']"
59,UNIVERSITE DE L'ATLANTIQUE -(UA COCODY),ABIDJAN,COCODY,0,125 000 F,524,UA,COCODY,Cocody - Deux Plateaux Saint Jacques ENA -Rue J17,"['01 40 06 92 92', '01 40 06 93 93']",[email protected],www.uatlantique.org,125 000 F,250 000 F,"['FILIERE(S) DE FORMATION,CYCLE', 'BTS : FCGE / FINANCES COMPTABILITE ET GESTION DES ENTREPRISES,Licence', ""BTS : IDA / INFORMATIQUE DEVELOPPEUR D'APPLICATIONS,Licence"", 'BTS : LOG / LOGISTIQUE,Licence', 'BTS : RHC / RESSOURCES HUMAINES ET COMMUNICATION,Licence', '""LICENCE COMMUNICATION : COMMUNICATION ENTREPRISE, JOURNALISTE TV"",Licence', 'LICENCE DE DROIT,Licence', 'LICENCE DE SCIENCES ECONOMIQUES ET DE GESTION (PRIVE),Licence', 'LICENCE EN LETTRE MODERNE (PRIVE),Licence', '']"
60,UNIVERSITE DE L'ATLANTIQUE BOUAKÉ -(UA BOUAKÉ),BOUAKE,BOUAKE,0,55 000 F,682,UA BOUAKE,BOUAKE,Bouaké (Quartier Kennedy),"['0748282150 ', ' 01 40 06 92 92']",[email protected],www.uatlantique.org,55 000 F,200 000 F,"['FILIERE(S) DE FORMATION,CYCLE', '""LICENCE COMMUNICATION : COMMUNICATION ENTREPRISE, JOURNALISTE TV"",Licence', 'LICENCE DE DROIT,Licence', 'LICENCE DE SCIENCES ECONOMIQUES ET DE GESTION (PRIVE),Licence', 'LICENCE EN LETTRE MODERNE (PRIVE),Licence', '']"
61,UNIVERSITE DE TECHNOLOGIE D'ABIDJAN -(UTA),ABIDJAN,COCODY,0,,684,UTA,COCODY,RIVIERA PALMERAIE / ROND POINT DE SAINT VIATEUR,"['0706666663 ', ' 0768858585 ', ' 0704444449 ', ' 0702393939']",[email protected],www.uta.ci,,,"['FILIERE(S) DE FORMATION,CYCLE', 'LICENCE AUDIT ET CONTROLE DE GESTION,Licence', 'LICENCE DE DROIT,Licence', 'LICENCE DE SCIENCES ECONOMIQUES ET DE GESTION (PRIVE),Licence', 'LICENCE FINANCE BANQUE ASSURANCE (FBA),Licence', 'LICENCE INFORMATIQUE OPTION GENIE LOGICIEL,Licence', 'LICENCE PROFESSIONNELLE EN FINANCE ET COMPTABILITE (PFC),Licence', 'LICENCE RIT / RESEAUX INFORMATIQUES ET TELECOMMUNICATIONS,Licence', '']"
62,UNIVERSITE DES INNOVATIONS CULTURELLES ET DES METIERS DU VIRTUEL -(UIC-MEV),ABIDJAN,COCODY,0,,816,,COCODY,COCODY RIVIERA PALMERAIE DERRIER LA PHARMACIE MARTHE ROBIN,"['07 58 72 48 27 ', ' 01 02 83 38 73']",[email protected],www.uic-mev.ci / www.uic-mev.com,,375 000 F,"['FILIERE(S) DE FORMATION,CYCLE', 'BTS : AD / ASSISTANAT DE DIRECTION,BTS', 'BTS : ATPA / AGRICULTURE TROPICALE OPTION PRODUCTION ANIMALE,BTS', 'BTS : ATPV / AGRICULTURE TROPICALE OPTION PRODUCTION VEGETALE,BTS', 'BTS : ELT / ELECTROTECHNIQUE,BTS', 'BTS : FCGE / FINANCES COMPTABILITE ET GESTION DES ENTREPRISES,BTS', 'BTS : GBAT / GENIE CIVIL OPTION BATIMENT,BTS', 'BTS : GEC / GESTION COMMERCIALE,BTS', 'BTS : GTP / GENIE CIVIL OPTION TRAVAUX PUBLICS,BTS', ""BTS : IDA / INFORMATIQUE DEVELOPPEUR D'APPLICATIONS,BTS"", 'BTS : LOG / LOGISTIQUE,BTS', 'BTS : MGP / MINES GEOLOGIE ET PETROLE,BTS', 'BTS : MSP / MAINTENANCE DES SYSTEMES DE PRODUCTION,BTS', 'BTS : RHC / RESSOURCES HUMAINES ET COMMUNICATION,BTS', 'BTS : RIT / RESEAUX INFORMATIQUES ET TELECOMMUNICATIONS,BTS', 'BTS : SEI / SYSTEMES ELECTRONIQUES ET INFORMATIQUES,BTS', 'BTS : TH / TOURISME HOTELLERIE,BTS', 'LICENCE ADMINISTRATION DES AFFAIRES,Licence', 'LICENCE ADMINISTRATION ET GESTION DES ENTREPRISES,Licence', 'LICENCE AUDIT ET CONTROLE DE GESTION,Licence', 'LICENCE COMMUNICATION DIGITALE,Licence', 'LICENCE CONCEPTION DIGITALE ET CREATION NUMERIQUE,Licence', ""LICENCE D'ANGLAIS (PRIVE),Licence"", 'LICENCE DE DROIT,Licence', 'LICENCE DE SCIENCES ECONOMIQUES ET DE GESTION (PRIVE),Licence', 'LICENCE DE SCIENCES INFORMATIQUES,Licence', 'LICENCE DEVELOPPEMENT DURABLE,Licence', ""LICENCE EN SCIENCE DE L'INFORMATION ET DE LA COMMUNICATION,Licence"", 'LICENCE FINANCE BANQUE ASSURANCE (FBA),Licence', 'LICENCE Génie civil,Licence', 'LICENCE Géologie mine pétrole et environnement,Licence', '""LICENCE Information, communication et ressources humaines"",Licence', 'LICENCE LITTERATURES ET CIVILISATIONS,Licence', 'LICENCE MANAGEMENT DES PROJETS,Licence', 'LICENCE MANAGEMENT TOURISTIQUE ET HOTELIER,Licence', 'LICENCE MARKETING MANAGEMENT,Licence', 'LICENCE MEDIA ET CYBER-SECURITE,Licence', 'LICENCE MEDIATION CULTURELLE,Licence', 'LICENCE PROFESSIONNELLE EN FINANCE ET COMPTABILITE (PFC),Licence', 'LICENCE QUALITE SECURITE ENVIRONNEMENT,Licence', 'LICENCE RIT / RESEAUX INFORMATIQUES ET TELECOMMUNICATIONS,Licence', ""LICENCE SCIENCES DE L'HOMME ET DE LA SOCIETE,Licence"", 'LICENCE STRM,Licence', 'LICENCE TRANSPORT ET LOGISTIQUE,Licence', '']"
63,UNIVERSITE DES JEUNES FILLES -(UJF),BASSAM,BASSAM,0,,829,,BASSAM,,"['07 08 50 28 28  ', ' 01 02 02 43 43 ', ' 04 48 28 21 50']",,,,,"['FILIERE(S) DE FORMATION,CYCLE', ""LICENCE D'ANGLAIS (PRIVE),Licence"", 'LICENCE DE DROIT,Licence', 'LICENCE DE LETTRES MODERNES (PRIVE),Licence', 'LICENCE DE SCIENCES ECONOMIQUES ET DE GESTION (PRIVE),Licence', 'LICENCE EN LETTRE MODERNE (PRIVE),Licence', '']"
64,UNIVERSITE DES SCIENCES APPLIQUEES ET DE GESTION -(USAG),ABIDJAN,COCODY,0,,895,,COCODY,Cité les résidences soleil 1 non loin de la pharmacie de 8eme tranche,"['07 15 24 74', ' 09 82 81 75 ', ' 51 28 17 51']",,,,,"['FILIERE(S) DE FORMATION,CYCLE', 'BTS : FCGE / FINANCES COMPTABILITE ET GESTION DES ENTREPRISES,BTS', ""BTS : IDA / INFORMATIQUE DEVELOPPEUR D'APPLICATIONS,BTS"", 'BTS : RHC / RESSOURCES HUMAINES ET COMMUNICATION,BTS', 'BTS : RIT / RESEAUX INFORMATIQUES ET TELECOMMUNICATIONS,BTS', 'LICENCE DE DROIT,Licence', 'LICENCE DE SCIENCES ECONOMIQUES ET DE GESTION (PRIVE),Licence', '']"
65,UNIVERSITE DES SCIENCES ET TECHNOLOGIE DE COTE D'IVOIRE COCODY -(USTCI COCODY),ABIDJAN,COCODY,0,450 000,167,USTCI,COCODY,"92M6+57V, Angré Abidjan)",['0705555550 – 0705222222 – 0749400218 – 0575994199 – 0544361115 - 0584955639'],[email protected],www.ustci-cocody.com,450 000,Néant pour les affectés et réaffectés de l'Etat,"['FILIERE(S) DE FORMATION,CYCLE', 'LICENCE AUDIT ET CONTROLE DE GESTION,Licence', '""LICENCE COMMUNICATION : COMMUNICATION ENTREPRISE, JOURNALISTE TV"",Licence', ""LICENCE D'ANGLAIS (PRIVE),Licence"", 'LICENCE DE DROIT,Licence', 'LICENCE DE HISTOIRE (PRIVE),Licence', 'LICENCE DE MATHEMATIQUES,Licence', 'LICENCE DE PHILOSOPHIE (PRIVE),Licence', 'LICENCE DE SCIENCES DE LA VIE ET DE LA TERRE,Licence', 'LICENCE DE SCIENCES ECONOMIQUES ET DE GESTION (PRIVE),Licence', 'LICENCE DE SCIENCES INFORMATIQUES,Licence', 'LICENCE EN AMENAGEMENT PARCOURS GESTION FONCIÈRE,Licence', 'LICENCE EN AMENAGEMENT PARCOURS GÉOMATIQUE,Licence', 'LICENCE EN CHIMIE,Licence', 'LICENCE EN ELECTROTECHNIQUE,Licence', 'LICENCE EN GENIE ELECTRIQUE PARCOURS AUTOMATISMES ET SYSTEMES,Licence', 'LICENCE EN GENIE ELECTRIQUE PARCOURS CIRCUITS INTEGRES,Licence', 'LICENCE EN GESTION DES COLLECTIVITES LOCALES,Licence', 'LICENCE EN GESTION DES RESSOURCES HUMAINES,Licence', 'LICENCE EN GÉNIE INDUSTRIEL ET MAINTENANCE,Licence', 'LICENCE EN LETTRE MODERNE (PRIVE),Licence', 'LICENCE EN LOGISTIQUE,Licence', 'LICENCE EN MANAGEMENT DES SECTEURS DE LA SANTE,Licence', 'LICENCE EN MANAGEMENT DES SECTEURS MINIERS,Licence', 'LICENCE EN MINES GEOLOGIE ET PETROLE,Licence', 'LICENCE EN PHYSIQUE,Licence', 'LICENCE EN SCIENCES DE L’EDUCATION,Licence', 'LICENCE GESTION COMMERCIALE,Licence', 'LICENCE Génie civil,Licence', 'LICENCE Industries agro-alimentaires,Licence', 'LICENCE MARKETING,Licence', 'LICENCE PSYCHOLOGIE (PRIVE),Licence', 'LICENCE RIT / RESEAUX INFORMATIQUES ET TELECOMMUNICATIONS,Licence', 'LICENCE SOCIOLOGIE,Licence', '']"
66,UNIVERSITE DES SCIENCES ET TECHNOLOGIE DE COTE D'IVOIRE YOPOUGON -(USTCI YOPOUGON),ABIDJAN,YOPOUGON,0,450 000 F,758,USTCI,YOPOUGON,"8W9P+RW, Abidjan)",['0544362499 – 0584955548 – 0749400218 -0575994199 – 2522009158 - 0585009821'],[email protected],www.ustci-yopougon.com,450 000 F,OF pour les affectés et réaffectés de l’Etat,"['FILIERE(S) DE FORMATION,CYCLE', 'BTS : AD / ASSISTANAT DE DIRECTION,BTS', 'BTS : CV / COMMUNICATION VISUELLE,BTS', 'BTS : ELT / ELECTROTECHNIQUE,BTS', 'BTS : FCGE / FINANCES COMPTABILITE ET GESTION DES ENTREPRISES,BTS', 'BTS : GBAT / GENIE CIVIL OPTION BATIMENT,BTS', 'BTS : GEC / GESTION COMMERCIALE,BTS', 'BTS : GEE / GENIE ENERGETIQUE ET ENVIRONNEMENT,BTS', ""BTS : GERN / GESTION DE L'ENVIRONNEMENT ET DES RESSOURCES NATURELLES,BTS"", 'BTS : GTP / GENIE CIVIL OPTION TRAVAUX PUBLICS,BTS', 'BTS : IACC / INDUSTRIES AGRO-ALIMENTAIRES ET CHIMIQUES OPTION CONTROLE,BTS', 'BTS : IACP / INDUSTRIES AGRO-ALIMENTAIRES ET CHIMIQUES OPTION PRODUCTION,BTS', ""BTS : IDA / INFORMATIQUE DEVELOPPEUR D'APPLICATIONS,BTS"", 'BTS : LOG / LOGISTIQUE,BTS', 'BTS : MGP / MINES GEOLOGIE ET PETROLE,BTS', 'BTS : MSP / MAINTENANCE DES SYSTEMES DE PRODUCTION,BTS', 'BTS : RHC / RESSOURCES HUMAINES ET COMMUNICATION,BTS', 'BTS : RIT / RESEAUX INFORMATIQUES ET TELECOMMUNICATIONS,BTS', 'BTS : SEI / SYSTEMES ELECTRONIQUES ET INFORMATIQUES,BTS', 'BTS : TH / TOURISME HOTELLERIE,BTS', 'LICENCE DE DROIT,Licence', 'LICENCE DE SCIENCES ECONOMIQUES ET DE GESTION (PRIVE),Licence', '""LICENCE LETTRES, ARTS ET SCIENCES HUMAINES"",Licence', '']"
67,UNIVERSITE DES SCIENCES ET TECHNOLOGIES D'ABIDJAN (USTA),ABIDJAN,MARCORY,0,,855,,MARCORY,,[''],,,,,"['FILIERE(S) DE FORMATION,CYCLE', '']"
68,"UNIVERSITE DES SCIENCES JURIDIQUES, ECONOMIQUES ET DE GESTION (UJSEG)",ABIDJAN,COCODY,0,100 000 F CFA,873,UJSEG,COCODY,COCODY DERRIERE LA RTI,"['27 22 40 40 07 ', ' 07 48 33 88 10 ', ' 07 47 01 16 98']",[email protected],,100 000 F CFA,400 000 F CFA,"['FILIERE(S) DE FORMATION,CYCLE', 'LICENCE DE DROIT,Licence', 'LICENCE DE SCIENCES ECONOMIQUES ET DE GESTION (PRIVE),Licence', ""LICENCE EN SCIENCE DE L'INFORMATION ET DE LA COMMUNICATION,Licence"", '']"
69,UNIVERSITE DU MAGHREB DE CÔTE D'IVOIRE (UPMACI),ABIDJAN,COCODY,0,,2103,,COCODY,,[''],,,,,"['FILIERE(S) DE FORMATION,CYCLE', 'LICENCE DE DROIT,Licence', 'LICENCE DE SCIENCES ECONOMIQUES ET DE GESTION (PRIVE),Licence', 'LICENCE Génie civil,Licence', '']"
70,UNIVERSITE EPHRATA -(UE),ABIDJAN,RIVIERA,0,125 000 FCFA,949,,RIVIERA,RIVIERA PALMERAIE GENIE 200,"['22 47 25 22', ' 47 29 65 02', ' 03 59 58 79']",,www.universiteephrata.ci,125 000 FCFA,,"['FILIERE(S) DE FORMATION,CYCLE', 'LICENCE DE DROIT,Licence', 'LICENCE DE MATHEMATIQUES-INFORMATIQUE (PRIVE),Licence', 'LICENCE DE PHILOSOPHIE (PRIVE),Licence', 'LICENCE DE SCIENCES DE LA VIE ET DE LA TERRE,Licence', 'LICENCE DE SCIENCES ECONOMIQUES ET DE GESTION (PRIVE),Licence', 'LICENCE EN LETTRE MODERNE (PRIVE),Licence', '']"
71,UNIVERSITE EVANGELIQUE INTERNATIONALE DE MAN -(UEIM),MAN,MAN,0,75 000 F,831,UEIM,MAN,IBTM ZLANWOPLEU SUR L AXE GRAND GBAPLEU-KPANGUOIN 1,['07 09 06 69 92 et 27 35 97\xa048\xa031'],[email protected],www.ueim-z.com,75 000 F,300 000F CFA,"['FILIERE(S) DE FORMATION,CYCLE', 'LICENCE DE DROIT,Licence', ""LICENCE DE SCIENCES DE L'INFORMATION ET DE LA COMMUNICATION (SIC),Licence"", 'LICENCE DE SCIENCES ECONOMIQUES ET DE GESTION (PRIVE),Licence', 'LICENCE EN LETTRE MODERNE (PRIVE),Licence', '']"
72,UNIVERSITE FRANÇAISE D'ABIDJAN -(UFRA),ABIDJAN,PLATEAU,0,Voir Service Admission au 01 00 00 50 05,662,UFRA,PLATEAU,"Rue Du Commerce, Rez-de-chaussée Immeuble Le MALI","['27 20 33 85 00', ' 01 00 00 50 05']",[email protected],www.ufra-esg.org,Voir Service Admission au 01 00 00 50 05,Voir Service Admission au 01 00 00 50 05,"['FILIERE(S) DE FORMATION,CYCLE', 'LICENCE DE SCIENCES ECONOMIQUES ET DE GESTION (PRIVE),Licence', '']"
73,UNIVERSITE HENRY DUNANT -(UHD),ABIDJAN,COCODY,0,,1013,,COCODY,,[''],,,,,"['FILIERE(S) DE FORMATION,CYCLE', '']"
74,UNIVERSITE HUBERT VANGAH -(UVHK),BONOUA,BONOUA,0,165 000 F CFA,872,UVHK,BONOUA,"QUARTIER BLANON, DERRIERE LA CIE","['49 61 34 04', ' 01 34 72 46']",[email protected],,165 000 F CFA,200 000 F CFA,"['FILIERE(S) DE FORMATION,CYCLE', 'BTS : ATPA / AGRICULTURE TROPICALE OPTION PRODUCTION ANIMALE,BTS', 'BTS : ATPV / AGRICULTURE TROPICALE OPTION PRODUCTION VEGETALE,BTS', 'BTS : GBAT / GENIE CIVIL OPTION BATIMENT,BTS', 'LICENCE DE DROIT,Licence', 'LICENCE DE SCIENCES ECONOMIQUES ET DE GESTION (PRIVE),Licence', 'LICENCE DE SCIENCES INFORMATIQUES,Licence', ""LICENCE EN SCIENCE DE L'INFORMATION ET DE LA COMMUNICATION,Licence"", 'LICENCE MANAGEMENT TOURISTIQUE ET HOTELIER,Licence', '']"
75,UNIVERSITE INTERNATIONALE CONCORDET -(UIC),ABIDJAN,ABOBO,0,,1027,,ABOBO,,[''],,,,,"['FILIERE(S) DE FORMATION,CYCLE', 'LICENCE DE DROIT,Licence', 'LICENCE DE SCIENCES ECONOMIQUES ET DE GESTION (PRIVE),Licence', '']"
76,UNIVERSITE INTERNATIONALE ABIDJAN -(UIA),ABIDJAN,COCODY,0,,870,U.I.A,COCODY,2 PLATEAUX VALLON EN FACE DU SIEGE DU BURIDA,"['27 22 24 59 03 ', ' 07 59 87 93 47 ', ' 01 73 78 0943 ', ' 07 48 36 81 01']",[email protected],www.groupeheci.ac.ma,,,"['FILIERE(S) DE FORMATION,CYCLE', '']"
77,UNIVERSITE INTERNATIONALE BILINGUE AFRICAINE -(UIBA),ABIDJAN,COCODY,0,,667,,COCODY,,[''],,,,,"['FILIERE(S) DE FORMATION,CYCLE', 'LICENCE DE DROIT,Licence', 'LICENCE DE SCIENCES ECONOMIQUES ET DE GESTION (PRIVE),Licence', '']"
78,UNIVERSITE INTERNATIONALE CLAIRE FONTAINE -(UICF),ABIDJAN,YOPOUGON,0,,902,,YOPOUGON,,"['01 02 301 375 ', ' 01 02\xa0817\xa0920']",,,,,"['FILIERE(S) DE FORMATION,CYCLE', 'LICENCE ADMINISTRATION DES AFFAIRES,Licence', ""LICENCE D'ANGLAIS (PRIVE),Licence"", 'LICENCE DE DROIT,Licence', 'LICENCE DE SCIENCES ECONOMIQUES ET DE GESTION (PRIVE),Licence', 'LICENCE DE SCIENCES INFORMATIQUES,Licence', ""LICENCE EN SCIENCE DE L'INFORMATION ET DE LA COMMUNICATION,Licence"", '']"
79,UNIVERSITE INTERNATIONALE DE BOUAKE (UIB),BOUAKE,BOUAKE,0,,827,,BOUAKE,,['07 67 59 96 88 et 05 86 56 62 84'],,,,,"['FILIERE(S) DE FORMATION,CYCLE', ""LICENCE D'ANGLAIS (PRIVE),Licence"", 'LICENCE DE DROIT,Licence', 'LICENCE DE SCIENCES ECONOMIQUES ET DE GESTION (PRIVE),Licence', '']"
80,UNIVERSITE INTERNATIONALE DE COCODY -(UIC),ABIDJAN,COCODY,0,85 000 F,1020,UIC,COCODY,"7e Tranche, Rue non loin de Café de Versailles","['0778637400 ', ' 0709885431']",[email protected],uic-ci.com,85 000 F,,"['FILIERE(S) DE FORMATION,CYCLE', ""BTS : IDA / INFORMATIQUE DEVELOPPEUR D'APPLICATIONS,"", 'LICENCE DE DROIT,Licence', 'LICENCE DE SCIENCES ECONOMIQUES ET DE GESTION (PRIVE),Licence', 'LICENCE DE SCIENCES INFORMATIQUES,Licence', '']"
81,UNIVERSITE INTERNATIONALE DE COTE D'IVOIRE -(UICI),ABIDJAN,COCODY,0,50.000,671,UICI,COCODY,Campus situé à la Rue DJ ARAFAT près de la pharmacie 7ème tranche,['07 07 314 314'],[email protected],www.uici.info,50.000,550.000,"['FILIERE(S) DE FORMATION,CYCLE', 'LICENCE DE DROIT,Licence', 'LICENCE DE SCIENCES ECONOMIQUES ET DE GESTION (PRIVE),Licence', 'LICENCE DE SCIENCES INFORMATIQUES,Licence', 'LICENCE Géologie mine pétrole et environnement,Licence', '']"
82,UNIVERSITE INTERNATIONALE DE YAMOUSSOUKRO -(UIYA),YAMOUSSOUKRO,YAMOUSSOUKRO,0,,874,,YAMOUSSOUKRO,,"['85 05 45 93 ', ' 57 62 39 99 ', ' 56 06 95 65', ' 73 81 07 81']",,,,,"['FILIERE(S) DE FORMATION,CYCLE', 'LICENCE AUDIT ET CONTROLE DE GESTION,Licence', '""LICENCE COMMUNICATION : COMMUNICATION ENTREPRISE, JOURNALISTE TV"",Licence', ""LICENCE D'ANGLAIS (PRIVE),Licence"", 'LICENCE DE DROIT,Licence', 'LICENCE DE SCIENCES ECONOMIQUES ET DE GESTION (PRIVE),Licence', 'LICENCE INFORMATIQUE OPTION GENIE LOGICIEL,Licence', '""LICENCE Information, communication et ressources humaines"",Licence', 'LICENCE MANAGEMENT DES PROJETS,Licence', 'LICENCE PROFESSIONNELLE EN FINANCE ET COMPTABILITE (PFC),Licence', '']"
83,UNIVERSITE INTERNATIONALE DES SCIENCES ET TECHNOLOGIE -(UIST),ABIDJAN,COCODY,0,85000,867,,COCODY,Rivière Palmeraie  non loin de la  SIPIM  2  carrefour Hamed Ouattara,"['0798991511 ', ' 0140136060 ', ' 0575948181']",[email protected],,85000,,"['FILIERE(S) DE FORMATION,CYCLE', ""DEVELOPPEMENT D'APPLICATIONS WEB ET MOBILE,Licence"", 'LICENCE DE DROIT,Licence', 'LICENCE DE SCIENCES ECONOMIQUES ET DE GESTION (PRIVE),Licence', 'LICENCE DE SCIENCES INFORMATIQUES,Licence', 'LICENCE RIT / RESEAUX INFORMATIQUES ET TELECOMMUNICATIONS,Licence', 'LICENCE STATISTIQUES ET ECONOMIE APPLIQUEE,Licence', '']"
84,UNIVERSITE INTERNATIONALE DES SCIENCES ET TECHNOLOGIE BOUAKE -(UIST - B),BOUAKE,BOUAKE,0,,2107,,BOUAKE,Quartier Kennedy non loin de l'ONECI,"['0143094949 ', ' 0584107777 ', ' 0798287905']",,,,,"['FILIERE(S) DE FORMATION,CYCLE', 'LICENCE ADMINISTRATION ET SÉCURITÉ DES SYSTÈMES ET DES RÉSEAUX INFORMATIQUES (ASSRI),Licence', 'LICENCE DE DROIT,Licence', 'LICENCE DE SCIENCES ECONOMIQUES ET DE GESTION (PRIVE),Licence', 'LICENCE ELECTRONIQUE,Licence', 'LICENCE ELECTRONIQUE ENERGIE ELECTRIQUE AUTOMATIQUE,Licence', 'LICENCE EN MARKETING DIGITAL,Licence', 'LICENCE INFORMATIQUE OPTION GENIE LOGICIEL,Licence', 'LICENCE Industries agro-alimentaires,Licence', 'LICENCE METHODES INFORMATIQUES APPLIQUEES A LA GESTION DES ENTREPRISES (MIAGE),Licence', 'LICENCE STATISTIQUES ET ECONOMIE APPLIQUEE,Licence', '']"
85,UNIVERSITE INTERNATIONALE DES SCIENCES TECHNIQUES APPLIQUEES ET DU MANAGEMENT (UISTAM),ABIDJAN,COCODY,0,85 000 F CFA,2135,UISTAM,COCODY,"RIVIERA 3 FAYA NOUVEAU CAMP AKOUEDO, PRES  DE LA PHARMACIE SAINT MARTIN","['27 22 28 62 82', '07 59 57 92 86', ' 07 08 99 03 34']",[email protected],//www.uistam.org,85 000 F CFA,,"['FILIERE(S) DE FORMATION,CYCLE', 'LICENCE DE DROIT,', 'LICENCE DE SCIENCES ECONOMIQUES ET DE GESTION (PRIVE),', 'LICENCE DE SCIENCES INFORMATIQUES,', ""LICENCE EN SCIENCE DE L'INFORMATION ET DE LA COMMUNICATION,"", '']"
86,UNIVERSITE INTERNATIONALE EVANGELIQUE DE COTE D’IVOIRE (UIECI ),ABIDJAN,COCODY,0,,1067,UIECI,COCODY,Cocody 2 Plateaux 7è Tranche.,['07740522'],,,,,"['FILIERE(S) DE FORMATION,CYCLE', ""LICENCE D'ANGLAIS (PRIVE),Licence"", 'LICENCE DE DROIT,Licence', 'LICENCE DE PHILOSOPHIE (PRIVE),Licence', 'LICENCE DE SCIENCES ECONOMIQUES ET DE GESTION (PRIVE),Licence', 'LICENCE EN LETTRE MODERNE (PRIVE),Licence', ""LICENCE EN SCIENCE DE L'INFORMATION ET DE LA COMMUNICATION,Licence"", 'LICENCE EN SOCIOLOGIE ET ETHNOLOGIE,Licence', '']"
87,UNIVERSITE INTERNATIONALE FRANCOIS (UIF),ABIDJAN,COCODY,0,,926,,COCODY,COCODY 2 PLATEAUX 7ème TRANCHE NON LOIN DU CAFE DE VERSAILLES,['22 42 99 59'],[email protected],,,,"['FILIERE(S) DE FORMATION,CYCLE', 'LICENCE DE DROIT,Licence', 'LICENCE DE MATHÉMATIQUE APPLIQUE (PRIVE),Licence', 'LICENCE DE SCIENCES ECONOMIQUES ET DE GESTION (PRIVE),Licence', '']"
88,UNIVERSITE INTERNATIONALE FRANÇOIS -(UIF),ABIDJAN,COCODY,0,,1021,,COCODY,,[''],,,,,"['FILIERE(S) DE FORMATION,CYCLE', '']"
89,UNIVERSITE INTERNATIONALE NAYEBA (UNID),ABIDJAN,DABOU,0,85.000 F CFA,1062,UNID,DABOU,Dabou quartier CAFOP,"['0103123535 ', ' 0505845045 ', ' 0545411141']",[email protected],,85.000 F CFA,,"['FILIERE(S) DE FORMATION,CYCLE', 'LICENCE DE DROIT,Licence', 'LICENCE DE SCIENCES ECONOMIQUES ET DE GESTION (PRIVE),Licence', 'LICENCE EN LETTRE MODERNE (PRIVE),Licence', ""LICENCE EN SCIENCE DE L'INFORMATION ET DE LA COMMUNICATION,Licence"", '']"
90,UNIVERSITE INTERNATIONALE POLYTECHNIQUE HETEC (UIPH),ABIDJAN,ABOBO,0,50 000 F,2104,UIPH,ABOBO,"Abidjan Plateau Dokui, 1er arrêt Dokui",['0748554336'],[email protected],//www.groupehetec.net,50 000 F,400 000 F,"['FILIERE(S) DE FORMATION,CYCLE', 'LICENCE DE DROIT,Licence', 'LICENCE DE SCIENCES ECONOMIQUES ET DE GESTION (PRIVE),BTS', ""LICENCE EN SCIENCE DE L'INFORMATION ET DE LA COMMUNICATION,Licence"", 'LICENCE RIT / RESEAUX INFORMATIQUES ET TELECOMMUNICATIONS,Licence', 'LICENCE SCIENCES DU LANGAGE ET DE LA COMMUNICATION (PRIVE),Licence', '']"
91,UNIVERSITE INTERNATIONALE PRIVEE D'ABIDJAN -(UIPA),ABIDJAN,RIVIERA,0,85000,360,UIPA,RIVIERA,"RIVIERA M'BADON, 500 METRE DE LA NOUVELLE AMBASSADE DE CHINE","['27-22-43-15-05 ', ' 05-56-18-74-19']",[email protected],//uipa.net,85000,0 F AFFECTE,"['FILIERE(S) DE FORMATION,CYCLE', 'BTS : AD / ASSISTANAT DE DIRECTION,BTS', 'BTS : ATPA / AGRICULTURE TROPICALE OPTION PRODUCTION ANIMALE,BTS', 'BTS : ATPV / AGRICULTURE TROPICALE OPTION PRODUCTION VEGETALE,BTS', 'BTS : FCGE / FINANCES COMPTABILITE ET GESTION DES ENTREPRISES,BTS', 'BTS : GBAT / GENIE CIVIL OPTION BATIMENT,BTS', 'BTS : GEC / GESTION COMMERCIALE,BTS', ""BTS : IDA / INFORMATIQUE DEVELOPPEUR D'APPLICATIONS,BTS"", 'BTS : LOG / LOGISTIQUE,BTS', 'BTS : MGP / MINES GEOLOGIE ET PETROLE,BTS', 'BTS : RHC / RESSOURCES HUMAINES ET COMMUNICATION,BTS', 'BTS : RIT / RESEAUX INFORMATIQUES ET TELECOMMUNICATIONS,BTS', 'BTS : SEI / SYSTEMES ELECTRONIQUES ET INFORMATIQUES,BTS', ""BTS : SIN / SCIENCES DE L'INFORMATION,BTS"", 'LICENCE DE DROIT,Licence', 'LICENCE DE SCIENCES ECONOMIQUES ET DE GESTION (PRIVE),Licence', '']"
92,UNIVERSITE METROPOLITAINE D'ABIDJAN -(UMA-GC),ABIDJAN,PLATEAU,0,,834,,PLATEAU,,"['20210121 ', ' 02050406']",,,,,"['FILIERE(S) DE FORMATION,CYCLE', 'LICENCE DE DROIT,Licence', 'LICENCE DE SCIENCES ECONOMIQUES ET DE GESTION (PRIVE),Licence', '']"
93,UNIVERSITE MUSULMANE AFRICAINE -(UMA),ABIDJAN,COCODY,0,85000,174,UMA,COCODY,Riviera bonoumin Cocody en face de la pharmacie saint Paul,['22 49 09 41'],,//www.uma-3i.com/,85000,,"['FILIERE(S) DE FORMATION,CYCLE', ""LICENCE D'ANGLAIS (PRIVE),Licence"", 'LICENCE DE DROIT,Licence', 'LICENCE DE SCIENCES ECONOMIQUES ET DE GESTION (PRIVE),Licence', 'Licence en Sciences Politiques,Licence', '']"
94,UNIVERSITE NANAN YAMOUSSO (U NANAN YAMOUSSO),BOUAKE,BOUAKE,0,,828,,BOUAKE,,['08 41 07 43'],,,,,"['FILIERE(S) DE FORMATION,CYCLE', '']"
95,UNIVERSITE NBA -(U-NBA),ABIDJAN,COCODY,0,100 000 F,1016,UNIVERSITÉ NBA,COCODY,"COCODY ANGRE, 8ième tranche, Caféier 8, non loin de Soleil 2","['0707610329 ', ' 0544506731 ', ' 0584561928']",[email protected],www.univ-nba1.com,100 000 F,250 000 F,"['FILIERE(S) DE FORMATION,CYCLE', 'LICENCE DE DROIT,Licence', 'LICENCE DE SCIENCES ECONOMIQUES ET DE GESTION (PRIVE),Licence', '']"
96,UNIVERSITE NORD SUD ANGRE -(UNS ANGRE),ABIDJAN,COCODY,0,Affectés 120 000/ Non Affectés 220 000,17,UNS ANGRE,COCODY,Cocody Angré non loin du 22eme,['07 09 77 44 13'],[email protected],www.uns-if.ci,Affectés 120 000/ Non Affectés 220 000,Affectés 320 000/ Non Affectés 770 000,"['FILIERE(S) DE FORMATION,CYCLE', 'LICENCE DE DROIT,Licence', 'LICENCE DE SCIENCES ECONOMIQUES ET DE GESTION (PRIVE),Licence', 'LICENCE STRM,Licence', '']"
97,UNIVERSITE NORD SUD ATTOBAN -(UNS ATTOBAN),ABIDJAN,COCODY,0,,1077,,COCODY,RivieraAttobanà200mducommissariatdu30eArr.,"['0757208658', '0576458761', '0759159833']",,,,,"['FILIERE(S) DE FORMATION,CYCLE', '']"
98,UNIVERSITE NORD SUD BOUAKE -(UNS BOUAKE),BOUAKE,BOUAKE,0,120 000 Affectés/ Non Affectés 300 000,896,UNS BOUAKE,BOUAKE,"Quartier KENNEDY, Ancien bureau de UNICEF, avant le carrefour de l'hôtel Mon Afrique.","['0798941540 ', ' 0798941529']",[email protected],www.uns-if.ci,120 000 Affectés/ Non Affectés 300 000,220 000 Affectés 570 000/ Non Affectés,"['FILIERE(S) DE FORMATION,CYCLE', 'LICENCE AUDIT ET CONTROLE DE GESTION,Licence', ""LICENCE D'ANGLAIS (PRIVE),Licence"", 'LICENCE DE DROIT,Licence', 'LICENCE DE SCIENCES ECONOMIQUES ET DE GESTION (PRIVE),Licence', 'LICENCE GESTION COMMERCIALE,Licence', 'LICENCE INFORMATIQUE OPTION GENIE LOGICIEL,Licence', '""LICENCE Information, communication et ressources humaines"",Licence', 'LICENCE MANAGEMENT DES PROJETS,Licence', 'LICENCE PROFESSIONNELLE EN FINANCE ET COMPTABILITE (PFC),Licence', '']"
99,UNIVERSITE NORD SUD COCODY -(UNS BONOUMIN),ABIDJAN,COCODY,0,Affectés 120 000/ Non Affectés 220 000,177,UNS BONOUMIN,COCODY,Bonoumin riviera2 derrière le nouveau siège de la CAF.,"['0798577337', '0701008149']",[email protected],www.uns-if.ci,Affectés 120 000/ Non Affectés 220 000,Affectés 320 000/ Non Affectés 770 000,"['FILIERE(S) DE FORMATION,CYCLE', 'LICENCE DE DROIT,Licence', 'LICENCE DE SCIENCES ECONOMIQUES ET DE GESTION (PRIVE),Licence', 'LICENCE EN MANAGEMENT DU LUXE,Licence', 'LICENCE EN TOURISME DU LUXE,Licence', 'LICENCE STRM,Licence', '']"
100,UNIVERSITE NORD SUD DIMBOKRO -(UNS DIMBOKRO),DIMBOKRO,DIMBOKRO,0,120 000 Affectés/ 220 000 Non Affectés,179,UNS DIMBOKRO,DIMBOKRO,QUARTIER COMMERCE,['0708961150'],[email protected],www.uns-if.ci,120 000 Affectés/ 220 000 Non Affectés,220 000 Affectés/ Non Affectés 420 000,"['FILIERE(S) DE FORMATION,CYCLE', 'LICENCE DE DROIT,Licence', 'LICENCE DE SCIENCES ECONOMIQUES ET DE GESTION (PRIVE),Licence', 'LICENCE STRM,Licence', '']"
101,UNIVERSITE NORD SUD MARCORY -(UNS MARCORY),ABIDJAN,MARCORY,0,120 000 Affectés/ 220 000 Non Affectés,897,UNS MARCORY,MARCORY,Quartier Marcory résidentiel 100 mètres de POLYMED,['01 40 37 89 40'],[email protected],www.uns-if.ci,120 000 Affectés/ 220 000 Non Affectés,250 000 Affectés/ Non Affectés 700 000,"['FILIERE(S) DE FORMATION,CYCLE', 'LICENCE AUDIT ET CONTROLE DE GESTION,Licence', ""LICENCE D'ANGLAIS (PRIVE),Licence"", 'LICENCE DE DROIT,Licence', 'LICENCE DE SCIENCES ECONOMIQUES ET DE GESTION (PRIVE),Licence', 'LICENCE GESTION COMMERCIALE,Licence', 'LICENCE INFORMATIQUE OPTION GENIE LOGICIEL,Licence', '""LICENCE Information, communication et ressources humaines"",Licence', 'LICENCE MANAGEMENT DES PROJETS,Licence', 'LICENCE PROFESSIONNELLE EN FINANCE ET COMPTABILITE (PFC),Licence', '']"
102,UNIVERSITE NORD SUD PORT-BOUËT -(UNS PORT-BOUËT),ABIDJAN,PORT BOUET,0,Affectés 120 000/ Non Affectés 220 000,176,UNS VRIDI,PORT BOUET,Port Bouet Carrefour petit Bassam,['0708006615'],[email protected],www.uns-if.ci,Affectés 120 000/ Non Affectés 220 000,Affectés 320 000/ Non Affectés 770 000,"['FILIERE(S) DE FORMATION,CYCLE', 'LICENCE DE DROIT,Licence', 'LICENCE DE SCIENCES ECONOMIQUES ET DE GESTION (PRIVE),Licence', 'LICENCE STRM,Licence', '']"
103,UNIVERSITE NORD SUD RUE DES JARDINS -(UNS RUE DES JARDINS),ABIDJAN,COCODY,0,,1078,,COCODY,QuartierdelaRuedesJardins,"['0759159833', '0546888717', '0778399629']",[email protected],,,,"['FILIERE(S) DE FORMATION,CYCLE', '']"
104,UNIVERSITE NORD SUD YOPOUGON -(UNS YOPOUGON),ABIDJAN,YOPOUGON,0,120 000 Affectés/ 220 000 Non Affectés,178,UNS MILLIONNAIRE,YOPOUGON,Yopougon Millionnaire pas loin de la pharmacie affia,"['07 77 33 91 33', ' 07 00 08 50 18', ' 0757208658']",[email protected],,120 000 Affectés/ 220 000 Non Affectés,250 000 Affectés/ Non Affectés 700 000,"['FILIERE(S) DE FORMATION,CYCLE', 'LICENCE DE DROIT,Licence', 'LICENCE DE SCIENCES ECONOMIQUES ET DE GESTION (PRIVE),Licence', 'LICENCE STRM,Licence', '']"
105,UNIVERSITE NOTRE DAME D'ABIDJAN -(UNDA ABOBO),ABIDJAN,ABOBO,0,,2117,,ABOBO,,[''],,,,,"['FILIERE(S) DE FORMATION,CYCLE', 'LICENCE DE DROIT,Licence', 'LICENCE DE GEOGRAPHIE (PRIVE),Licence', 'LICENCE DE HISTOIRE (PRIVE),Licence', 'LICENCE DE SCIENCES DE LA VIE ET DE LA TERRE,Licence', 'LICENCE DE SCIENCES ECONOMIQUES ET DE GESTION (PRIVE),Licence', 'LICENCE EN LETTRE MODERNE (PRIVE),Licence', '']"
106,UNIVERSITE NOTRE DAME D'ABIDJAN -(UNDA ADJAME),ABIDJAN,ADJAME,0,,2115,,ADJAME,,[''],,,,,"['FILIERE(S) DE FORMATION,CYCLE', 'LICENCE DE DROIT,Licence', 'LICENCE DE GEOGRAPHIE (PRIVE),Licence', 'LICENCE DE HISTOIRE (PRIVE),Licence', 'LICENCE DE SCIENCES DE LA VIE ET DE LA TERRE,Licence', 'LICENCE DE SCIENCES ECONOMIQUES ET DE GESTION (PRIVE),Licence', 'LICENCE EN LETTRE MODERNE (PRIVE),Licence', '']"
107,UNIVERSITE NOTRE DAME D'ABIDJAN -(UNDA ANGRE),ABIDJAN,COCODY,0,,2116,,COCODY,,[''],,,,,"['FILIERE(S) DE FORMATION,CYCLE', 'LICENCE DE DROIT,Licence', 'LICENCE DE GEOGRAPHIE (PRIVE),Licence', 'LICENCE DE HISTOIRE (PRIVE),Licence', 'LICENCE DE SCIENCES DE LA VIE ET DE LA TERRE,Licence', 'LICENCE DE SCIENCES ECONOMIQUES ET DE GESTION (PRIVE),Licence', 'LICENCE EN LETTRE MODERNE (PRIVE),Licence', '']"
108,UNIVERSITE NOTRE DAME D'ABIDJAN -(UNDA KOUMASSI),ABIDJAN,KOUMASSI,0,,2118,,KOUMASSI,,[''],,,,,"['FILIERE(S) DE FORMATION,CYCLE', 'LICENCE DE DROIT,Licence', 'LICENCE DE GEOGRAPHIE (PRIVE),Licence', 'LICENCE DE HISTOIRE (PRIVE),Licence', 'LICENCE DE SCIENCES DE LA VIE ET DE LA TERRE,Licence', 'LICENCE DE SCIENCES ECONOMIQUES ET DE GESTION (PRIVE),Licence', 'LICENCE EN LETTRE MODERNE (PRIVE),Licence', '']"
109,UNIVERSITE NOTRE DAME D'ABIDJAN -(UNDA PORT BOUET),ABIDJAN,PORT BOUET,0,100.000frs,2119,UNDA PORT-BOUET,PORT BOUET,"Non loin de la cité universitaire de PORT BOUET 3. En face du Lycée Professionnel des Métiers de la Mode et du Social, Ex CEP. A 200m du phare de Port-Bouët",['27 22 22 23 30 - 07 57 25 15 42'],[email protected],www.unda.ci,100.000frs,0,"['FILIERE(S) DE FORMATION,CYCLE', 'LICENCE DE DROIT,Licence', 'LICENCE DE GEOGRAPHIE (PRIVE),Licence', 'LICENCE DE HISTOIRE (PRIVE),Licence', 'LICENCE DE SCIENCES DE LA VIE ET DE LA TERRE,Licence', 'LICENCE DE SCIENCES ECONOMIQUES ET DE GESTION (PRIVE),Licence', 'LICENCE EN LETTRE MODERNE (PRIVE),Licence', '']"
110,UNIVERSITE NOTRE DAME D'ABIDJAN -(UNDA YOPOUGON),ABIDJAN,YOPOUGON,0,,2114,,YOPOUGON,,[''],,,,,"['FILIERE(S) DE FORMATION,CYCLE', 'LICENCE DE DROIT,Licence', 'LICENCE DE GEOGRAPHIE (PRIVE),Licence', 'LICENCE DE HISTOIRE (PRIVE),Licence', 'LICENCE DE SCIENCES DE LA VIE ET DE LA TERRE,Licence', 'LICENCE DE SCIENCES ECONOMIQUES ET DE GESTION (PRIVE),Licence', 'LICENCE EN LETTRE MODERNE (PRIVE),Licence', '']"
111,UNIVERSITE NOTRE DAME D'ABIDJAN -(UNDA),ABIDJAN,COCODY,0,160 000 F,1012,UNDA,COCODY,,"['27 24 32 59 90', ' 05 75 32 86 54', '07 57 29 87 58']",27 24 32 59 90/05 75 32 86 54,,160 000 F,250 000 F,"['FILIERE(S) DE FORMATION,CYCLE', ""LICENCE D'ANGLAIS (PRIVE),Licence"", 'LICENCE DE DROIT,Licence', 'LICENCE DE MATHEMATIQUES,Licence', 'LICENCE DE SCIENCES ECONOMIQUES ET DE GESTION (PRIVE),Licence', 'LICENCE DE SCIENCES INFORMATIQUES,Licence', 'LICENCE ELECTRONIQUE,Licence', 'LICENCE EN LETTRE MODERNE (PRIVE),Licence', ""LICENCE EN SCIENCE DE L'INFORMATION ET DE LA COMMUNICATION,Licence"", 'LICENCE EN SOCIOLOGIE ET ETHNOLOGIE,Licence', '']"
112,UNIVERSITE NOUVELLE DE CÔTE D'IVOIRE,ABIDJAN,,0,,2130,,,,['0779341054'],,,,,"['FILIERE(S) DE FORMATION,CYCLE', 'LICENCE DE DROIT,', 'LICENCE DE SCIENCES ECONOMIQUES ET DE GESTION (PRIVE),', 'LICENCE EN LETTRE MODERNE (PRIVE),', '']"
113,UNIVERSITE OUEST AFRICAINE -(UOA),ABIDJAN,RIVIERA,0,,823,UOA,RIVIERA,CITE ALLABRA EN FACE DE CAP NORD,"['48 70 34 65', ' 58 63 53 92', ' 07 31 58 65']",,www.universiteouestafricaine.com,,,"['FILIERE(S) DE FORMATION,CYCLE', 'LICENCE DE DROIT,Licence', 'LICENCE DE SCIENCES ECONOMIQUES ET DE GESTION (PRIVE),Licence', ""LICENCE EN SCIENCE DE L'INFORMATION ET DE LA COMMUNICATION,Licence"", 'LICENCE RIT / RESEAUX INFORMATIQUES ET TELECOMMUNICATIONS,Licence', 'LICENCE STRM,Licence', '']"
114,UNIVERSITE POLYTECHNIQUE AGITEL FORMATION (UPAF),ABIDJAN,COCODY,0,40 000 FCFA,2105,,COCODY,,['27 22 23 60 03'],[email protected],www.agitel-formation. net,40 000 FCFA,450 000 FCFA,"['FILIERE(S) DE FORMATION,CYCLE', 'LICENCE DE DROIT,Licence', 'LICENCE DE SCIENCES ECONOMIQUES ET DE GESTION (PRIVE),Licence', 'LICENCE DE SCIENCES INFORMATIQUES,Licence', 'LICENCE SCIENCES DU LANGAGE ET DE LA COMMUNICATION (PRIVE),Licence', 'Licence en Sciences Politiques,Licence', '']"
115,UNIVERSITE POLYTECHNIQUE DE BINGERVILLE -(UPB),ABIDJAN,BINGERVILLE,0,85000,683,,BINGERVILLE,Bingerville / Akandje II - Cite Kokoh Adjoumani (Ordinateur HP offert aux premiers inscrits),"['69 29 19 65 ', ' 76 26 19 89 ', ' 02 96 62 92 ', ' 20 00 02 20']",[email protected],www.upb.ci,85000,,"['FILIERE(S) DE FORMATION,CYCLE', 'LICENCE ADMINISTRATION ET SÉCURITÉ DES SYSTÈMES ET DES RÉSEAUX INFORMATIQUES (ASSRI),Licence', 'LICENCE DE DROIT,Licence', 'LICENCE DE SCIENCES ECONOMIQUES ET DE GESTION (PRIVE),Licence', 'LICENCE ELECTRONIQUE,Licence', 'LICENCE ELECTRONIQUE ENERGIE ELECTRIQUE AUTOMATIQUE,Licence', 'LICENCE INFORMATIQUE OPTION GENIE LOGICIEL,Licence', 'LICENCE METHODES INFORMATIQUES APPLIQUEES A LA GESTION DES ENTREPRISES (MIAGE),Licence', 'LICENCE STATISTIQUES ET ECONOMIE APPLIQUEE,Licence', '']"
116,UNIVERSITE POLYTECHNIQUE KIBIO -(UPK),ABIDJAN,COCODY,0,,892,,COCODY,Riviera Palmeraie,['58 45 04 00'],,,,,"['FILIERE(S) DE FORMATION,CYCLE', ""LICENCE GESTION DE L'ENVIRONNEMENT ET DES RESSOURCES NATURELLES,Licence"", 'LICENCE QUALITE SECURITE ENVIRONNEMENT,Licence', '']"
117,UNIVERSITE PRIVE N'TAYE (UPN),ABIDJAN,TREICHVILLE,0,,833,,TREICHVILLE,,['01 13 76 31'],,,,,"['FILIERE(S) DE FORMATION,CYCLE', '']"
118,UNIVERSITE PRIVEE AGRICOLE DE COTE D'IVOIRE (UPRACI),ADZOPE,ADZOPE,0,,856,,ADZOPE,,['23 54 01 38'],,,,,"['FILIERE(S) DE FORMATION,CYCLE', '']"
119,UNIVERSITE PRIVEE INTERNATIONALE AKANDJI (UPIA),ABIDJAN,COCODY,0,300 000 F,906,UPIA,COCODY,Abidjan Cocody Riviera 5 fin Boulevard Mitterrand nouvelle école,"['0748974761', '0708864203', '0170810083']",université@groupeakanji.com,www.universiteakanji.com,300 000 F,750 000 F,"['FILIERE(S) DE FORMATION,CYCLE', '""LICENCE COMMUNICATION : COMMUNICATION ENTREPRISE, JOURNALISTE TV"",Licence', 'LICENCE DE DROIT,Licence', 'LICENCE DE SCIENCES ECONOMIQUES ET DE GESTION (PRIVE),Licence', 'LICENCE DE SCIENCES INFORMATIQUES,Licence', '']"
120,UNIVERSITE PRIVEE SOUMARE -(UNIVERSITE SOUMARE),ABIDJAN,COCODY,0,50 000 F,1023,UNIVERSITE SOUMARE,COCODY,"COCODY ANGRE DJOROGOBITE, DANS LE PROLONGEMENT DU CHU D’ANGRE, NON LOIN DE LA PHARMACIE SAINTE CLEMENTINE","['+225 01 51 80 99 08', ' 07 59 66 74 86']",[email protected],www.universitesoumare.com,50 000 F,1 800 000 F,"['FILIERE(S) DE FORMATION,CYCLE', 'LICENCE DE SCIENCES ECONOMIQUES ET DE GESTION (PRIVE),Licence', 'LICENCE EN MATHEMATIQUE OPTION ACTUARIAT,Licence', 'LICENCE FINANCE BANQUE ASSURANCE (FBA),Licence', 'LICENCE STATISTIQUES ET ECONOMIE APPLIQUEE,Licence', '']"
121,UNIVERSITE PROTESTANTE EVANGELIQUE DE COTE D'IVOIRE -(UPE-CI),YAMOUSSOUKRO,YAMOUSSOUKRO,0,,830,,YAMOUSSOUKRO,QUARTIER AFFOUNVASSOU BELLE VUE 1RE TRANCHE,"['07 28 88 85', ' 47 37 88 73']",,,,,"['FILIERE(S) DE FORMATION,CYCLE', 'LICENCE ADMINISTRATION ET GESTION DES ENTREPRISES,Licence', 'LICENCE AUDIT ET CONTROLE DE GESTION,Licence', '""LICENCE COMMUNICATION : COMMUNICATION ENTREPRISE, JOURNALISTE TV"",Licence', 'LICENCE DE DROIT,Licence', 'LICENCE DE HISTOIRE (PRIVE),Licence', 'LICENCE DE MATHEMATIQUES,Licence', 'LICENCE DE SCIENCES ECONOMIQUES ET DE GESTION (PRIVE),Licence', 'LICENCE DE SCIENCES INFORMATIQUES,Licence', ""LICENCE EN SCIENCE DE L'INFORMATION ET DE LA COMMUNICATION,Licence"", 'LICENCE FINANCE BANQUE ASSURANCE (FBA),Licence', 'LICENCE LANGUE LITTERATURE ET CIVILISATION,Licence', 'LICENCE MANAGEMENT DES PROJETS,Licence', 'LICENCE MARKETING MANAGEMENT,Licence', 'LICENCE PROFESSIONNELLE EN FINANCE ET COMPTABILITE (PFC),Licence', '']"
122,UNIVERSITE SAINT PAUL (USP),ABIDJAN,ABOBO,0,Gratuit,945,USP,ABOBO,PLATEAU DOKUI EXTENSION FACE PHARMACIE AZUR,"['25 22 01 84 66 ', ' 27 24 31 11 82']",[email protected],www.universitesaintpaul.org,Gratuit,350 000 Frs affectés,"['FILIERE(S) DE FORMATION,CYCLE', 'LICENCE DE DROIT,Licence', 'LICENCE DE SCIENCES ECONOMIQUES ET DE GESTION (PRIVE),Licence', 'LICENCE EN LETTRE MODERNE (PRIVE),Licence', '']"
123,UNIVERSITE SANKOFA DE COTE D'IVOIRE (USCI) - BONDOUKOU,BONDOUKOU,BONDOUKOU,0,,2127,,BONDOUKOU,Quartier Residentiel,"['2734755689 ', ' 0707290789']",,,,,"['FILIERE(S) DE FORMATION,CYCLE', ""LICENCE D'ANGLAIS (PRIVE),Licence"", 'LICENCE DE DROIT,Licence', 'LICENCE DE GENIE BATIMENT,Licence', 'LICENCE DE SCIENCES ECONOMIQUES ET DE GESTION (PRIVE),BTS', 'LICENCE EN LETTRE MODERNE (PRIVE),Licence', 'LICENCE EN MARKETING DIGITAL,Licence', '']"
124,UNIVERSITE SEPI YOPOUGON -(US YOPOUGON),ABIDJAN,YOPOUGON,0,Affectés 120 000/ Non Affectés 220 000,898,US YOPOUGON,YOPOUGON,Non loin de la nouvelle pharmacie Yopougon Gabriel gare,"['07 57 20 86 58 ', ' 05 06 10 43 65']",[email protected],www.uns-if.ci,Affectés 120 000/ Non Affectés 220 000,Affectés 320 000/ Non Affectés 770 000,"['FILIERE(S) DE FORMATION,CYCLE', 'LICENCE AUDIT ET CONTROLE DE GESTION,Licence', ""LICENCE D'ANGLAIS (PRIVE),Licence"", 'LICENCE DE DROIT,Licence', 'LICENCE DE SCIENCES ECONOMIQUES ET DE GESTION (PRIVE),Licence', 'LICENCE GESTION COMMERCIALE,Licence', 'LICENCE INFORMATIQUE OPTION GENIE LOGICIEL,Licence', '""LICENCE Information, communication et ressources humaines"",Licence', 'LICENCE MANAGEMENT DES PROJETS,Licence', 'LICENCE PROFESSIONNELLE EN FINANCE ET COMPTABILITE (PFC),Licence', '']"
125,UNIVERSITE TAHARQA SARE -(UTS),ABIDJAN,COCODY,0,80.000 FCFA,1025,UTS,COCODY,"ISID, Riviéra Palmeraie, non loin du Rond-Point ADO, Rue de la Pharmacie Val de Grace","['(+225) 27 22 21 26 72 ', ' 05 04 32 30 64 ', ' 07 19 39 78 68']",[email protected],//www.isidci.com,80.000 FCFA,750.000 FCFA,"['FILIERE(S) DE FORMATION,CYCLE', 'LICENCE DE GEOGRAPHIE (PRIVE),Licence', 'LICENCE DE SCIENCES ECONOMIQUES ET DE GESTION (PRIVE),Licence', 'LICENCE EN SOCIOLOGIE ET ETHNOLOGIE,Licence', 'LICENCE PSYCHOLOGIE (PRIVE),Licence', 'Licence en Sciences Politiques,Licence', '']"
126,UNIVERSITE TERTIAIRE ET TECHNOLOGIE LOKO -(UTT-LOKO),ABIDJAN,MARCORY,0,85000,534,UTT LOKO,MARCORY,MARCORY ZONE 4C Rue Blanchard Bl 17 DECEMBRE,"['0160995081 ', ' 0160995082 ', ' 0172407091 ', ' 0544286297 ', ' 0544296188 ', '0565061963 ', '0748656782 ', ' 0797817974 ', '0798119325 ', ' 0788122706']",[email protected],//www.groupeloko.com,85000,1,"['FILIERE(S) DE FORMATION,CYCLE', 'LICENCE DE SCIENCES DE LA VIE ET DE LA TERRE,Licence', 'LICENCE DE SCIENCES ECONOMIQUES ET DE GESTION (PRIVE),Licence', 'LICENCE DE SCIENCES INFORMATIQUES,Licence', 'LICENCE Génie civil,Licence', 'LICENCE Géologie mine pétrole et environnement,Licence', 'LICENCE Industries agro-alimentaires,Licence', '""LICENCE Information, communication et ressources humaines"",Licence', 'LICENCE Informatique télécommunication électronique et réseaux,Licence', '']"
127,UNIVERSITE VAME DE BOUAKE (UVB),BOUAKE,BOUAKE,0,,857,,BOUAKE,,[''],,,,,"['FILIERE(S) DE FORMATION,CYCLE', '']"
128,UNIVERSITE VIRTUELLE PANAFRICAINE DE TECHNOLOGIE -(UVPT),ABIDJAN,COCODY,0,450 000 F,702,UNIVERSITE UVPT,COCODY,"92P7+9RG, Angré)",['2722423135 – 0749400218 – 0749400231 – 0575994195 – 0584955768 - 0584955639'],[email protected],// www.uvpt-cocody.com,450 000 F,OF pour les affectés et réaffectés de l’Etat,"['FILIERE(S) DE FORMATION,CYCLE', 'LICENCE ANTHROPOLOGIE (PRIVE),Licence', 'LICENCE AUDIT ET CONTROLE DE GESTION,Licence', '""LICENCE COMMUNICATION : COMMUNICATION ENTREPRISE, JOURNALISTE TV"",Licence', ""LICENCE D'ANGLAIS (PRIVE),Licence"", 'LICENCE DE DROIT,Licence', 'LICENCE DE GEOGRAPHIE (PRIVE),Licence', 'LICENCE DE HISTOIRE (PRIVE),Licence', 'LICENCE DE PHILOSOPHIE (PRIVE),Licence', 'LICENCE DE SCIENCES DE LA VIE ET DE LA TERRE,Licence', 'LICENCE DE SCIENCES ECONOMIQUES ET DE GESTION (PRIVE),Licence', 'LICENCE EN LETTRE MODERNE (PRIVE),Licence', 'LICENCE EN PHYSIQUE CHIMIE (PRIVE),Licence', 'LICENCE EN SOCIOLOGIE ET ETHNOLOGIE,Licence', 'LICENCE FINANCE BANQUE ASSURANCE (FBA),Licence', 'LICENCE MARKETING,Licence', 'LICENCE PSYCHOLOGIE (PRIVE),Licence', 'LICENCE SCIENCE DE LA VIE ET DE LA TERRE (PRIVE),Licence', 'LICENCE SOCIOLOGIE (PRIVE),Licence', 'Licence en Sciences Politiques,Licence', '']"
129,UNIVERSITY OF ABIDJAN -(UNI ABIDJAN),ABIDJAN,COCODY,0,95 000 F CFA,151,UNIABIDJAN,COCODY,"Cocody Rue L25, derrière la pharmacie St Bernard, Riviéra Attoban.","['+225 21.00.11.22 ', ' 07 79 60 00 02 ', ' 25 21 00 11 22']",[email protected],//www.uniabidjan.com,95 000 F CFA,200 000 F CFA,"['FILIERE(S) DE FORMATION,CYCLE', 'BTS : AD / ASSISTANAT DE DIRECTION,BTS', 'BTS : FCGE / FINANCES COMPTABILITE ET GESTION DES ENTREPRISES,BTS', 'BTS : GEC / GESTION COMMERCIALE,BTS', ""BTS : IDA / INFORMATIQUE DEVELOPPEUR D'APPLICATIONS,BTS"", 'BTS : RHC / RESSOURCES HUMAINES ET COMMUNICATION,BTS', 'LICENCE DE SCIENCES ECONOMIQUES ET DE GESTION (PRIVE),Licence', 'LICENCE DE SCIENCES INFORMATIQUES,Licence', 'LICENCE MARKETING,Licence', '']"
130,UNVERSITE CANADIENNE DES ARTS DES SCIENCES ET DU MANAGEMENT -(UCASM),ABIDJAN,COCODY,0,,1011,,COCODY,,[''],,,,,"['FILIERE(S) DE FORMATION,CYCLE', 'LICENCE ADMINISTRATION DES AFFAIRES,Licence', 'LICENCE DE DROIT,Licence', 'LICENCE DE SCIENCES INFORMATIQUES,Licence', ""LICENCE EN SCIENCE DE L'INFORMATION ET DE LA COMMUNICATION,Licence"", '']"
131,Université Al Fourqane de Cote d'Ivoire -(UFCI),ABIDJAN,YOPOUGON,0,100 000 Fcfa,535,UFCI,YOPOUGON,"YOPOUGON (Abidjan) route de DABOU, Carrefour Bougounisso, à 200 mètres.",['23535124'],[email protected],//www.ufci.ci,100 000 Fcfa,600000,"['FILIERE(S) DE FORMATION,CYCLE', 'LICENCE DE DROIT,Licence', 'LICENCE DE SCIENCES ECONOMIQUES ET DE GESTION (PRIVE),Licence', '']"
132,Université Internationale ICK - U2ICK,BOUAKE,BOUAKE,0,200.000 F,1069,U2ICK,BOUAKE,"Bouaké air-france 3 ancien corridor sud, route du lac","['0707595373', '0707261050', '0161201164']",[email protected],//www.groupeick.com,200.000 F,,"['FILIERE(S) DE FORMATION,CYCLE', 'LICENCE ADMINISTRATION ET GESTION DES ENTREPRISES,Licence', 'LICENCE DE DROIT,Licence', 'LICENCE DE SCIENCES ECONOMIQUES ET DE GESTION (PRIVE),Licence', 'LICENCE EN LETTRE MODERNE (PRIVE),Licence', ""LICENCE EN SCIENCE DE L'INFORMATION ET DE LA COMMUNICATION,Licence"", '']"
133,Université Internationale des Sciences Appliquées et de Technologies - UNISAT (UNIV),ABIDJAN,COCODY,0,200 000 FCFA,404,UNISAT,COCODY,Située à Cocody les II Plateaux derrière la Polyclinique des II Plateaux,['22 41 68 72'],[email protected],//www.unisat-ci.net,200 000 FCFA,455 000 FCFA,"['FILIERE(S) DE FORMATION,CYCLE', 'LICENCE DE MATHEMATIQUES,Licence', 'LICENCE DE SCIENCES ECONOMIQUES ET DE GESTION (PRIVE),Licence', 'LICENCE DE SCIENCES INFORMATIQUES,Licence', 'LICENCE STATISTIQUES ET ECONOMIE APPLIQUEE,Licence', '']"
134,Université Méthodiste de Côte d'Ivoire - UMECI,ABIDJAN,COCODY,0,210 000 F,527,UMECI,COCODY,FACE CHU DE COCODY,['27 22 44 66 68'],[email protected],www.umeci.org.ci,210 000 F,360 000 F,"['FILIERE(S) DE FORMATION,CYCLE', 'LICENCE Assistanat de direction,Licence', ""LICENCE D'ANGLAIS (PRIVE),Licence"", 'LICENCE DE DROIT,Licence', 'LICENCE DE SCIENCES ECONOMIQUES ET DE GESTION (PRIVE),Licence', 'LICENCE EN LETTRE MODERNE (PRIVE),Licence', ""LICENCE EN SCIENCE DE L'INFORMATION ET DE LA COMMUNICATION,Licence"", '']"
135,Université Populaire de Cote d'Ivoire (UPCI),ABIDJAN,YOPOUGON,0,,933,,YOPOUGON,,[''],,,,,"['FILIERE(S) DE FORMATION,CYCLE', '""LICENCE COMMUNICATION : COMMUNICATION ENTREPRISE, JOURNALISTE TV"",Licence', 'LICENCE DE DROIT,Licence', 'LICENCE DE SCIENCES ECONOMIQUES ET DE GESTION (PRIVE),Licence', 'LICENCE DE SCIENCES INFORMATIQUES,Licence', '']"
136,Université Tahaqa Sarê - UNISS (Université Internationale des Sciences Sociale Hampâté Bâh ),ABIDJAN,COCODY,0,80.000 FCFA,170,UISS-HB,COCODY,"Cocody, Riviéra Palmeraie, non loin du Rond-Point ADO, Rue de la Pharmacie Val de Grace","['(+225) 27 22 21 26 72 ', ' 05 04 32 30 64 ', ' 07 19 39 78 68']",[email protected],www.isidci.com,80.000 FCFA,750.000 FCFA,"['FILIERE(S) DE FORMATION,CYCLE', 'LICENCE EN SOCIOLOGIE ET ETHNOLOGIE,Licence', 'LICENCE PSYCHOLOGIE (PRIVE),Licence', 'LICENCE SCIENCES DU LANGAGE ET DE LA COMMUNICATION (PRIVE),Licence', 'Licence de géographie,Licence', 'Licence en Sciences Politiques,Licence', '']"
137,Université de technologie de Songon (UTS),ABIDJAN,SONGON,0,130.000 F,2113,UTS,SONGON,SONGON DAGBE N'GBAHITO,"['+225 01 7025 93 15 ', '+225 07 09 47 68 03']",,//www.uts-edu.net,130.000 F,250.000 F,"['FILIERE(S) DE FORMATION,CYCLE', 'LICENCE DE DROIT,Licence', 'LICENCE DE SCIENCES ECONOMIQUES ET DE GESTION (PRIVE),Licence', 'LICENCE FINANCE BANQUE ASSURANCE (FBA),Licence', 'LICENCE INFORMATIQUE OPTION GENIE LOGICIEL,Licence', 'LICENCE PROFESSIONNELLE EN FINANCE ET COMPTABILITE (PFC),Licence', '']"
138,VALORIS INTERNATIONAL UNIVERSITY -(VIU),ABIDJAN,COCODY,0,250 000 F,810,VIU,COCODY,,['27.22.47.01.27 - 07.07.94.46.71 - 07.07.07.87.14'],[email protected],,250 000 F,,"['FILIERE(S) DE FORMATION,CYCLE', 'LICENCE DE SCIENCES INFORMATIQUES,Licence', '""LICENCE Information, communication et ressources humaines"",Licence', 'LICENCE PROFESSIONNELLE EN FINANCE ET COMPTABILITE (PFC),Licence', '']"
139,WEST AFRICA UNIVERSITY (WAU),SAN PEDRO,SAN PEDRO,0,100000,832,WAU,SAN PEDRO,QUARTIER BALMER,"['01 03 73 98 98 ', ' 05 85 79 54 54']",,,100000,200000,"['FILIERE(S) DE FORMATION,CYCLE', 'LICENCE DE DROIT,Licence', 'LICENCE DE SCIENCES ECONOMIQUES ET DE GESTION (PRIVE),Licence', 'LICENCE EN LETTRE MODERNE (PRIVE),Licence', '""LICENCE LETTRES, ARTS ET SCIENCES HUMAINES"",Licence', '']"
