rang,total/160,moy/20,mention,nom,ville,commune
1,"135,0","16,88",TRES-BIEN,ECOLE SUPÉRIEURE DE TECHNOLOGIE -(EST-LOKO),ABIDJAN,MARCORY
2,"131,0","16,38",TRES-BIEN,PIGIER COTE D'IVOIRE PLATEAU -(PIGIER CI PLATEAU),ABIDJAN,PLATEAU
3,"130,0","16,25",TRES-BIEN,INSTITUT SUPÉRIEUR TERTIAIRE ET DE TECHNOLOGIE AVANCÉE -(ISTTA) - GROUPE LOKO,ABIDJAN,MARCORY
4,"129,0","16,13",TRES-BIEN,INSTITUT DE FORMATION SUPERIEUR ICK BOUAKE (IFS-ICK),BOUAKE,BOUAKE
5,"128,0","16,0",TRES-BIEN,GROUPE ECOLES D'INGENIEURS AGITEL-FORMATION -(AGITEL),ABIDJAN,RIVIERA
5,"128,0","16,0",TRES-BIEN,HETEC ABOBO,ABIDJAN,ABOBO
5,"128,0","16,0",TRES-BIEN,INSTITUT SUPERIEUR DE TECHNOLOGIE DE COTE D'IVOIRE COCODY -(ISTCI COCODY),ABIDJAN,COCODY
5,"128,0","16,0",TRES-BIEN,INSTITUT UNIVERSITAIRE DE TECHNOLOGIE D'ABIDJAN COCODY -(IUT ABIDJAN COCODY),ABIDJAN,COCODY
5,"128,0","16,0",TRES-BIEN,INSTITUT SUPERIEUR LOUIS LE GRAND -(ISLG),BOUAKE,BOUAKE
10,"126,0","15,75",BIEN,INSTITUT SUPÉRIEUR DE FORMATION DES OPTICIENS -(ISFOP -OPTIQUE LOKO),ABIDJAN,PLATEAU
10,"126,0","15,75",BIEN,INSTITUT FAMAH BONOUMIN -(IF BONOUMIN),ABIDJAN,COCODY
10,"126,0","15,75",BIEN,CENTRE INTERNATIONAL DE FORMATION EN PRESENTIELLE ET A DISTANCE YOPOUGON -(CIFAD YOPOUGON),ABIDJAN,YOPOUGON
10,"126,0","15,75",BIEN,INSTITUT DE RECHERCHE EN SECURITE ET PROTECTION DE L'ENVIRONNEMENT -(IRSPE KIBIO),ABIDJAN,RIVIERA
14,"125,0","15,63",BIEN,INSTITUT SUPÉRIEUR DE FORMATION PROFESSIONNELLE ZONE 4C -(ISFOP Z4C) - GROUPE LOKO,ABIDJAN,MARCORY
14,"125,0","15,63",BIEN,INSTITUT SUPERIEUR DE TECHNOLOGIE DE COTE D'IVOIRE YOPOUGON -(ISTCI YOPOUGON),ABIDJAN,YOPOUGON
14,"125,0","15,63",BIEN,INSTITUT IRAO COCODY -(IRAO COCODY),ABIDJAN,COCODY
14,"125,0","15,63",BIEN,ECOLE PRATIQUE DE LA CHAMBRE DE COMMERCE ET D'INDUSTRIE DE CÔTE D'IVOIRE -(EPCCI),ABIDJAN,PLATEAU
18,"124,0","15,5",BIEN,INSTITUT LKM YOPOUGON ABIDJAN,ABIDJAN,YOPOUGON
18,"124,0","15,5",BIEN,GROUPE CEFIAT SALOMON -(GROUPE CEFIAT SALOMON),ABIDJAN,PLATEAU
18,"124,0","15,5",BIEN,INSTITUT SUPERIEUR DE TECHNOLOGIE DE COTE D'IVOIRE PLATEAU -(ISTCI PLATEAU),ABIDJAN,PLATEAU
21,"123,0","15,38",BIEN,INSTITUT FAMAH ANGRE -(IF ANGRE),ABIDJAN,COCODY
21,"123,0","15,38",BIEN,INSTITUT UNIVERSITAIRE DE TECHNOLOGIE D'ABIDJAN YOPOUGON -(IUT ABIDJAN YOPOUGON),ABIDJAN,YOPOUGON
21,"123,0","15,38",BIEN,ECOLE SUPERIEURE DE GESTION -(ESG),SAN PEDRO,SAN PEDRO
21,"123,0","15,38",BIEN,INSTITUT D'ENSEIGNEMENT SUPERIEUR LE CAMPUS YOPOUGON -(IES-LE CAMPUS YOPOUGON),ABIDJAN,YOPOUGON
25,"122,0","15,25",BIEN,CENTRE INTERNATIONAL DE FORMATION EN PRESENTIELLE ET A DISTANCE COCODY -(CIFAD COCODY),ABIDJAN,COCODY
25,"122,0","15,25",BIEN,INSTITUT FAMAH YOPOUGON -(IF MILLIONNAIRE),ABIDJAN,YOPOUGON
25,"122,0","15,25",BIEN,INSTITUT IRAO YOPOUGON -(IRAO YOPOUGON),ABIDJAN,YOPOUGON
25,"122,0","15,25",BIEN,ECOLE HOTELIERE DE GRAND-BASSAM -(EHB),BASSAM,BASSAM
25,"122,0","15,25",BIEN,INSTITUT SUPÉRIEUR LE PROGRES -(ISLP) - GROUPE LOKO,ABIDJAN,MARCORY
30,"121,0","15,13",BIEN,ECOLE SPECIALE DU BATIMENT ET DES TRAVAUX PUBLICS YAMOUSSOUKRO -(ESBTP YAMOUSSOUKRO),YAMOUSSOUKRO,YAMOUSSOUKRO
30,"121,0","15,13",BIEN,INSTITUT DES SCIENCES APPLIQUEES ET DE TECHNOLOGIE -(ISATECH),ABIDJAN,KOUMASSI
30,"121,0","15,13",BIEN,ECOLE SUPERIEURE DES SCIENCES ECONOMIQUES COMMERCIALES ET DE TECHNOLOGIES POINCARE BOUAKE -(ESSECT POINCARE BOUAKE),BOUAKE,BOUAKE
33,"120,0","15,0",BIEN,ECOLE SUPERIEURE DE L'ENSEIGNEMENT TECHNIQUE ET COMMERCIAL YAMOUSSOUKRO -(ESETEC YAMOUSSOUKRO),YAMOUSSOUKRO,YAMOUSSOUKRO
33,"120,0","15,0",BIEN,INSTITUT FAMAH PORT-BOUËT -(IF PORT-BOUËT) ABIDJAN,ABIDJAN,PORT BOUET
33,"120,0","15,0",BIEN,ECOLE SUPERIEURE INTERNATIONALE POLYTECHNIQUE ADAMA SANOGO -(ESIAS),ABIDJAN,ABOBO
33,"120,0","15,0",BIEN,GROUPE ECOLE ENTREPRISE EMPLOI PLATEAU -(GROUPE 3E PLATEAU),ABIDJAN,PLATEAU
33,"120,0","15,0",BIEN,INSTITUT VOLTAIRE D'ENSEIGNEMENT SUPERIEUR TECHNIQUE ET PROFESSIONNEL MARCORY -(IVESTP MARCORY),ABIDJAN,MARCORY
38,"119,0","14,88",BIEN,UNIVERSITE CHARLES-LOUIS DE MONTESQUIEU COCODY_GRANDE ECOLE -(UCLM COCODY_GRANDE ECOLE),ABIDJAN,COCODY
38,"119,0","14,88",BIEN,GROUPE CEFIAT ABIDJAN -(GROUPE CEFIAT ABIDJAN),ABIDJAN,PLATEAU
38,"119,0","14,88",BIEN,INSTITUT SUPÉRIEUR JEAN PAUL II -(ISJP 2) - GROUPE LOKO,ABIDJAN,YOPOUGON
38,"119,0","14,88",BIEN,INSTITUT DES HAUTES ETUDES SUPERIEURES AVICENNE -(IHES AVICENNE),ABIDJAN,COCODY
38,"119,0","14,88",BIEN,"INSTITUT SUPERIEUR DES TECHNIQUES COMPTABLES, JURIDIQUES ET FISCALES BONOUA -(ISTCJF BONOUA)",ABIDJAN,BONOUA
43,"118,0","14,75",BIEN,GENERAL CONSEIL ET SERVICE YOPOUGON -(GECOS YOPOUGON),ABIDJAN,YOPOUGON
43,"118,0","14,75",BIEN,INSTITUT DE FORMATION SAINTE MARIE COCODY -(IFSM COCODY),ABIDJAN,COCODY
43,"118,0","14,75",BIEN,ECOLE INTERNATIONALE DES PONTS ET CHAUSSEES D'ABIDJAN -(EIPC-ABIDJAN),ABIDJAN,COCODY
46,"117,0","14,63",BIEN,ECOLE SUPERIEURE DE COMMERCE CASTAING -(ESC CASTAING),ABIDJAN,PLATEAU
46,"117,0","14,63",BIEN,INSTITUT DE FORMATION CEFAT - INTER -(IFCI),BONDOUKOU,BONDOUKOU
49,"116,0","14,5",BIEN,INSTITUT FAMAH MARCORY -(IF MARCORY),ABIDJAN,MARCORY
49,"116,0","14,5",BIEN,INTERNATIONAL HIGH BUSINESS INSTITUTE -(IHBI),YAMOUSSOUKRO,YAMOUSSOUKRO
49,"116,0","14,5",BIEN,INSTITUT DE FORMATION SAINTE MARIE ANGRE -(IFSM ANGRE),ABIDJAN,COCODY
52,"115,0","14,38",BIEN,GROUPE ECOLE SUPERIEURE DE COMMERCE DE GESTION ET DE TECHNOLOGIE COCODY -(GROUPE ESCOGET COCODY),ABIDJAN,COCODY
52,"115,0","14,38",BIEN,INSTITUT INTERNATIONAL DE FORMATION EN ENTREPRENEURIAT-2IAE YOPOUGON -(2IFE-2IAE YOPOUGON),ABIDJAN,YOPOUGON
52,"115,0","14,38",BIEN,INSTITUT POLYTECHNIQUE INTERNATIONALE FRANÇOIS -(IPIF),ABIDJAN,COCODY
55,"114,0","14,25",BIEN,INSTITUT FAMAH DIMBOKRO -(IF DIMBOKRO),DIMBOKRO,DIMBOKRO
55,"114,0","14,25",BIEN,PIGIER COTE D'IVOIRE YAMOUSSOUKRO -(PIGIER CI-YAMOUSSOUKRO),YAMOUSSOUKRO,YAMOUSSOUKRO
55,"114,0","14,25",BIEN,ECOLE SPECIALE DU BÂTIMENT ET DES TRAVAUX PUBLICS COCODY -(ESBTP COCODY),ABIDJAN,COCODY
55,"114,0","14,25",BIEN,ECOLE SUPERIEURE DE MANAGEMENT ET DES TECHNOLOGIES -(ESUMAT ABIDJAN),ABIDJAN,YOPOUGON
55,"114,0","14,25",BIEN,INSTITUT SUPERIEUR DE COMMERCE D'ADMINISTRATION ET DE TECHNOLOGIE -(ISCAT),ABIDJAN,COCODY
55,"114,0","14,25",BIEN,ACADEMIE DE L'ENTREPRENEURIAT ET DES METIERS -(AEM),ABIDJAN,YOPOUGON
55,"114,0","14,25",BIEN,ECOLE SUPERIEURE D'INFORMATIQUE APPLIQUEE -(ESIA),ABIDJAN,COCODY
55,"114,0","14,25",BIEN,IFORAS - COCODY -(IFORAS),ABIDJAN,COCODY
63,"113,0","14,13",BIEN,"INSTITUT SUPERIEUR DES TECHNIQUES COMPTABLES, JURIDIQUES ET FISCALES COCODY -(ISTCJF COCODY)",ABIDJAN,COCODY
63,"113,0","14,13",BIEN,ECOLE WILLIAM PONTY -(EWP) - GROUPE LOKO,ABIDJAN,YOPOUGON
63,"113,0","14,13",BIEN,ECOLE SUPERIEURE DE LA MER -(ESM),ABIDJAN,COCODY
63,"113,0","14,13",BIEN,INSTITUT FAMAH M'BAHIAKRO -(IF M'BAHIAKRO),M'BAHIAKRO,M'BAHIAKRO
63,"113,0","14,13",BIEN,GROUPE ITA-INGENIERIE SA MARCORY -(G2I MARCORY),ABIDJAN,MARCORY
63,"113,0","14,13",BIEN,INSTITUT SUPERIEUR SAINTE FOI ABIDJAN -(ISSF ABIDJAN),ABIDJAN,ABOBO
63,"113,0","14,13",BIEN,GRAND GROUPE ELITES VISION -(2GEV),ABIDJAN,YOPOUGON
66,"95,0","11,88",PASSABLE,INSTITUT INTERNATIONAL D'ADMINISTRATION ET DE MANAGEMENT -(2IAM),ABIDJAN,COCODY
70,"112,0","14,0",BIEN,"HAUTES ETUDES EN GESTION, BANQUE ET ASSURANCE -(HEGES)",ABIDJAN,MARCORY
70,"112,0","14,0",BIEN,INSTITUT SACRE COEUR -(ISC),ABIDJAN,RIVIERA
70,"112,0","14,0",BIEN,INSTITUT SUPERIEUR DES SCIENCES APPLIQUEES -(INSSA),ABIDJAN,COCODY
70,"112,0","14,0",BIEN,ECOLE SUPERIEURE D'INFORMATIQUE ET DE L'INNOVATION PLATEAU -(ES2I PLATEAU),ABIDJAN,PLATEAU
70,"112,0","14,0",BIEN,INSTITUT-CONSERVATOIRE DES SCIENCES DE GESTION DE COCODY -(ICS COCODY),ABIDJAN,COCODY
70,"112,0","14,0",BIEN,GROUPE ECOLE D'ABIDJAN -(GEA),ABIDJAN,COCODY
70,"112,0","14,0",BIEN,GROUPE ECOLE ENTREPRISE EMPLOI YOPOUGON -(GROUPE 3E YOPOUGON),ABIDJAN,YOPOUGON
70,"112,0","14,0",BIEN,INSTITUT DE TECHNOLOGIES ET SPECIALITES -(ITES),ABIDJAN,COCODY
70,"112,0","14,0",BIEN,INSTITUT SUPÉRIEUR LA FONTAINE -(ISLF) - GROUPE LOKO,ABIDJAN,MARCORY
70,"112,0","14,0",BIEN,ECOLE SUPERIEURE WONTO -(ESW),ABIDJAN,COCODY
70,"112,0","14,0",BIEN,INSTITUT DE FORMATION SAINTE MARIE ABOBO BAOULE -(IFSM ABOBO BAOULE),ABIDJAN,ABOBO
81,"111,0","13,88",ASSEZ-BIEN,CENTRE D ENSEIGNEMENT SUPERIEUR ET DES TECHNOLOGIES INTERNATIONALES D'ABIDJAN -(CESTIA-2EP),ABIDJAN,COCODY
81,"111,0","13,88",ASSEZ-BIEN,INSTITUT SUPERIEUR PROFESSIONNEL -(ISP),ABIDJAN,ABOBO
81,"111,0","13,88",ASSEZ-BIEN,INSTITUT DE FORMATION SAINTE MARIE KOUMASSI -(IFSM KOUMASSI),ABIDJAN,KOUMASSI
81,"111,0","13,88",ASSEZ-BIEN,ECOLE TECHNIQUE INFORMATIQUE ET COMMERCIALE ABOBO -(ETIC ABOBO),ABIDJAN,ABOBO
81,"111,0","13,88",ASSEZ-BIEN,INSTITUT DE FORMATION SAINTE MARIE YOPOUGON -(IFSM YOPOUGON),ABIDJAN,YOPOUGON
81,"111,0","13,88",ASSEZ-BIEN,GROUPE CONSEILS ET STRATEGIES INTERNATIONAL POLE POLYTECHNIQUE -(GROUPE CSI PP),ABIDJAN,RIVIERA
81,"111,0","13,88",ASSEZ-BIEN,INSTITUT INTERNATIONAL DE TECHNOLOGIE SUPERIEURE -(2ITS),ABIDJAN,COCODY
88,"110,0","13,75",ASSEZ-BIEN,INSTITUT D'ENSEIGNEMENT SUPERIEUR OFFOUMOU YOPOUGON -(IESO YOPOUGON),ABIDJAN,YOPOUGON
88,"110,0","13,75",ASSEZ-BIEN,ECOLE DE FORMATION INDUSTRIELLE ET TERTIAIRE -(EFIT-CESTIA),ABIDJAN,COCODY
88,"110,0","13,75",ASSEZ-BIEN,ECOLE SUPERIEURE DE MANAGEMENT ET DE TECHNOLOGIE LE GROUPE BOWL -(ESMAT LE GROUPE BOWL),ABIDJAN,YOPOUGON
88,"110,0","13,75",ASSEZ-BIEN,ECOLE SUPERIEURE AMINA -(ESA),ABIDJAN,RIVIERA
92,"109,0","13,63",ASSEZ-BIEN,GROUPE ECOLE SUPERIEURE DE COMMERCE DE GESTION ET DE TECHNOLOGIE PLATEAU -(GROUPE ESCOGET PLATEAU),ABIDJAN,PLATEAU
92,"109,0","13,63",ASSEZ-BIEN,COURS SUPERIEUR NOTRE DAME DU PLATEAU -(CSNDP),ABIDJAN,PLATEAU
92,"109,0","13,63",ASSEZ-BIEN,INSTITUT INTERNATIONAL DE FORMATION EN ENTREPRENEURIAT-2IAE RIVIERA PALMERAIE -(2IFE-2IAE RIVIERA PALMERAIE),ABIDJAN,RIVIERA
92,"109,0","13,63",ASSEZ-BIEN,ECOLE SUPERIEURE D'EXPERTISE COMPTABLE -(ESEC),ABIDJAN,COCODY
92,"109,0","13,63",ASSEZ-BIEN,ECOLE SUPERIEURE TENIN KARNA -(ESTK),KORHOGO,KORHOGO
97,"108,0","13,5",ASSEZ-BIEN,INSTITUT SUPERIEUR SEPI -(IS YOPOUGON),ABIDJAN,YOPOUGON
97,"108,0","13,5",ASSEZ-BIEN,INSTITUT SUPERIEUR DU COMMERCE D'ADMINISTRATION DES ENTREPRISES -(ISCAE YAMOUSSOUKRO),YAMOUSSOUKRO,YAMOUSSOUKRO
97,"108,0","13,5",ASSEZ-BIEN,INSTITUT DE FORMATION SAINTE MARIE ADJAME -(IFSM ADJAME),ABIDJAN,ADJAME
97,"108,0","13,5",ASSEZ-BIEN,CENTRE DES ETUDES SUPERIEURES DES ETUDES D'ABIDJAN PLATEAU -(CESA PLATEAU),ABIDJAN,PLATEAU
97,"108,0","13,5",ASSEZ-BIEN,ECOLE DE COMMERCE ET DE GESTION (ECG),ABIDJAN,MARCORY
97,"108,0","13,5",ASSEZ-BIEN,INSTITUT D'ETUDES SUPERIEURES D4ABIDJAN -(IESA),ABIDJAN,COCODY
97,"108,0","13,5",ASSEZ-BIEN,INSTITUT SUPERIEUR DE LA CULTURE ET DES ARTS -(INSCA),ABIDJAN,COCODY
97,"108,0","13,5",ASSEZ-BIEN,ECOLE SPECIALE DU BÂTIMENT ET DES TRAVAUX PUBLICS TREICHVILLE -(ESBTP TREICHVILLE),ABIDJAN,TREICHVILLE
97,"108,0","13,5",ASSEZ-BIEN,GRADUATE SCHOOL OF MANAGEMENT -(GSM),ABIDJAN,COCODY
97,"108,0","13,5",ASSEZ-BIEN,GROUPE ECOLE DES HAUTES ETUDES DE GESTION BOUAKE -(GROUPE EDHEG BOUAKE),BOUAKE,BOUAKE
97,"108,0","13,5",ASSEZ-BIEN,ECOLE SUPERIEURE DE L'ELITE AFRICAINE -(ESEA),ABIDJAN,COCODY
97,"108,0","13,5",ASSEZ-BIEN,INSTITUT SUPERIEUR DJEKAT IGNACE DE LOYOLA -(ISDIL),ABIDJAN,BINGERVILLE
109,"107,0","13,38",ASSEZ-BIEN,ECOLE SUPERIEURE DES TECHNOLOGIES AVANCEES ET DE MANAGEMENT COCODY (ESTAM COCODY),ABIDJAN,COCODY
109,"107,0","13,38",ASSEZ-BIEN,INSTITUT SUPERIEUR DES CARRIERES COMMERCIALES TREICHVILLE -(ISCC TREICHVILLE),ABIDJAN,TREICHVILLE
109,"107,0","13,38",ASSEZ-BIEN,INSTITUT SUPERIEUR DES TECHNOLOGIES ET DE MANAGEMENT ABIDJAN-(ISTEMA YOPOUGON),ABIDJAN,YOPOUGON
109,"107,0","13,38",ASSEZ-BIEN,INSTITUT UNIVERSITAIRE POLYTECHNIQUE D'ABIDJAN YOPOUGON -(IUPA YOPOUGON),ABIDJAN,YOPOUGON
109,"107,0","13,38",ASSEZ-BIEN,ATLANTIQUE INTERNATIONAL BUSINESS SCHOOL -(AIBS),ABIDJAN,COCODY
109,"107,0","13,38",ASSEZ-BIEN,ECOLE SUPÉRIEURE TERTIAIRE ET DE TECHNOLOGIE APPLIQUÉE -(ESTTA) - GROUPE LOKO,ABIDJAN,PLATEAU
109,"107,0","13,38",ASSEZ-BIEN,GROUPE ECOLE DES HAUTES ETUDES DE GESTION-ABIDJAN -(GROUPE EDHEG ABIDJAN),ABIDJAN,COCODY
109,"107,0","13,38",ASSEZ-BIEN,GROUPE ECOLE INTERNATIONALE DE COMMERCE ET DE GESTION -(GPE EICG),BOUAKE,BOUAKE
117,"106,0","13,25",ASSEZ-BIEN,INTELLECT AFRIQUE -(IA),ABIDJAN,MARCORY
117,"106,0","13,25",ASSEZ-BIEN,ECOLE SUPERIEURE DE MARKETING DE L'INFORMATION ET DE TECHNOLOGIE -(ESMIT),ABIDJAN,YOPOUGON
117,"106,0","13,25",ASSEZ-BIEN,HAUTE ETUDES DE COMMERCE ET D'ADMINISTRATION DES ENTREPRISES YOPOUGON -(HEC-AD YOPOUGON),ABIDJAN,YOPOUGON
117,"106,0","13,25",ASSEZ-BIEN,ECOLE SUPERIEURE DE COMMERCE D'ADMINISTRATION ET DE MANAGEMENT COCODY -(ESCAM COCODY),ABIDJAN,COCODY
117,"106,0","13,25",ASSEZ-BIEN,INSTITUT SUPERIEUR DES TECHNOLOGIES ET DE MANAGEMENT PLATEAU -(ISTM PLATEAU),ABIDJAN,PLATEAU
122,"105,0","13,13",ASSEZ-BIEN,ECOLE SUPERIEURE DE L'ENSEIGNEMENT TECHNIQUE ET COMMERCIAL COCODY -(ESETEC COCODY),ABIDJAN,COCODY
122,"105,0","13,13",ASSEZ-BIEN,ECOLE DES SPÉCIALITÉS MULTIMÉDIA D'ABIDJAN MARCORY -(ESMA MARCORY),ABIDJAN,MARCORY
122,"105,0","13,13",ASSEZ-BIEN,INSTITUT SUPÉRIEUR AKONDA N'DOUCI -(ISAN),N'DOUCI,N'DOUCI
122,"105,0","13,13",ASSEZ-BIEN,INSTITUT INTERNATIONAL DE FORMATION EN ENTREPRENEURIAT-2IAE M'BATTO -(2IFE-2IAE M'BATTO),M'BATTO,M'BATTO
122,"105,0","13,13",ASSEZ-BIEN,INSTITUT SUPERIEUR LOWMAMNESS -(ISL YOPOUGON),ABIDJAN,YOPOUGON
122,"105,0","13,13",ASSEZ-BIEN,ECOLE TECHNIQUE INFORMATIQUE ET COMMERCIALE COCODY -(ETIC COCODY),ABIDJAN,COCODY
122,"105,0","13,13",ASSEZ-BIEN,ACADEMIE INTERNATIONALE DES SCIENCES ET TECHNIQUES -(AIST BOUAKE),BOUAKE,BOUAKE
122,"105,0","13,13",ASSEZ-BIEN,SONGON DIGITAL BRIDGE INSTITUTE -(SDBI),SONGON,SONGON
122,"105,0","13,13",ASSEZ-BIEN,INSTITUT SUPERIEUR LE FROMAGER -(IS LE FROMAGER),ABIDJAN,COCODY
131,"104,0","13,0",ASSEZ-BIEN,INSTITUT DE FORMATION ARTS ET DEVELOPPEMENT -(IFAD),ABIDJAN,PLATEAU
131,"104,0","13,0",ASSEZ-BIEN,INSTITUT DE FORMATION SAINTE MARIE ABOBO MARAHOUE -(IFSM ABOBO MARAHOUE),ABIDJAN,ABOBO
131,"104,0","13,0",ASSEZ-BIEN,ACADEMIE DES SCIENCES TECHNOLOGIQUES ET COMPTABLES COCODY -(ASTC COCODY),ABIDJAN,COCODY
131,"104,0","13,0",ASSEZ-BIEN,ABIDJAN BUSINESS SCHOOL -(ABS),ABIDJAN,COCODY
131,"104,0","13,0",ASSEZ-BIEN,GROUPE ECOLE DES HAUTES ETUDES DE GESTION SAN-PEDRO -(GROUPE EDHEG SAN-PEDRO),SAN PEDRO,SAN PEDRO
131,"104,0","13,0",ASSEZ-BIEN,INSTITUT DE FORMATION PROFESSIONNELLE AGRICOLE D'ADIAKE -(IFPA ADIAKE),ADIAKE,ADIAKE
131,"104,0","13,0",ASSEZ-BIEN,INSTITUT INTERNATIONAL DE HAUTES ETUDES -(IIHE),ABIDJAN,COCODY
131,"104,0","13,0",ASSEZ-BIEN,GROUPE SUCCES FORMATION -(GSF),ABIDJAN,YOPOUGON
139,"103,0","12,88",ASSEZ-BIEN,INSTITUT SUPERIEUR POLYTECHNIQUE WASSA COCODY -(ISP WASSA COCODY),ABIDJAN,COCODY
139,"103,0","12,88",ASSEZ-BIEN,INSTITUT INTERNATIONAL DE FORMATION EN ENTREPRENEURIAT-2IAE AZAGUIE -(2IFE-2IAE AZAGUIÉ),AZAGUIE,AZAGUIE
139,"103,0","12,88",ASSEZ-BIEN,INSTITUT DE FORMATIONS PROFESSIONNELLES KADI'S RAOUDA -(IFP KADI'S RAOUDA),ABIDJAN,COCODY
142,"102,0","12,75",ASSEZ-BIEN,HAUTE ECOLE GALILEE -(HEG),BASSAM,BASSAM
142,"102,0","12,75",ASSEZ-BIEN,INSTITUT SUPERIEUR TECHNIQUE LA COLOMBE -(IST LA COLOMBE),ABIDJAN,KOUMASSI
142,"102,0","12,75",ASSEZ-BIEN,GROUPE ONYX EXCELLENCE PLATEAU -(GOEP),ABIDJAN,PLATEAU
142,"102,0","12,75",ASSEZ-BIEN,INSTITUT SUPERIEUR DE GESTION ET DU BATIMENT -(ISG BAT),ABIDJAN,YOPOUGON
142,"102,0","12,75",ASSEZ-BIEN,GROUPE ITA-INGENIERIE SA ANTENNE DEUX PLATEAUX -(G2I II PLATEAUX),ABIDJAN,MARCORY
142,"102,0","12,75",ASSEZ-BIEN,AFRIQUE FORMATION -(AF),ABIDJAN,KOUMASSI
142,"102,0","12,75",ASSEZ-BIEN,GROUPE INSTEC -(INSTEC),ABIDJAN,TREICHVILLE
149,"101,0","12,63",ASSEZ-BIEN,ECOLE TECHNIQUE INFORMATIQUE ET COMMERCIALE MARCORY -(ETIC MARCORY),ABIDJAN,MARCORY
149,"101,0","12,63",ASSEZ-BIEN,INSTITUT SUPERIEUR DE STATISTIQUE D'ECONOMETRIE ET DE DATA SCIENCE -(INSSEDS),ABIDJAN,COCODY
149,"101,0","12,63",ASSEZ-BIEN,INSTITUT SUPERIEURE DE TECHNOLOGIE ET PROFESSIONNEL YOPOUGON -(ISTP YOPOUGON),ABIDJAN,YOPOUGON
149,"101,0","12,63",ASSEZ-BIEN,ECOLE SUPERIEURE D'INFORMATIQUE ET DE L'INNOVATION YOPOUGON -(ES2I YOPOUGON),ABIDJAN,YOPOUGON
149,"101,0","12,63",ASSEZ-BIEN,ECOLE SUPERIEURE DE GENIE CIVIL DE SAN-PEDRO -(ESGC-SP),SAN PEDRO,SAN PEDRO
149,"101,0","12,63",ASSEZ-BIEN,INSTITUT SUPERIEUR DE MANAGEMENT ADONAÏ -(ISM ADONAÏ),ABIDJAN,COCODY
149,"101,0","12,63",ASSEZ-BIEN,GROUPE ITA-INGENIERIE SA ANTENNE BOUAKÉ -(G2I BOUAKE),BOUAKE,BOUAKE
149,"101,0","12,63",ASSEZ-BIEN,INSTITUT SUPERIEUR NANAN THERESE -(ISNT),ABIDJAN,PLATEAU
149,"101,0","12,63",ASSEZ-BIEN,INSTITUT DE FORMATION AGROBIO -(GROUPE IFA),YAMOUSSOUKRO,YAMOUSSOUKRO
149,"101,0","12,63",ASSEZ-BIEN,INSTITUT SUPERIEUR DE COMMERCE ET DE MANAGEMENT -(ISCM),ABIDJAN,COCODY
159,"100,0","12,5",ASSEZ-BIEN,INSTITUT SUPERIEUR DES CARRIERES COMMERCIALES COCODY -(ISCC COCODY),ABIDJAN,COCODY
159,"100,0","12,5",ASSEZ-BIEN,INSTITUT SUPERIEUR DES TECHNOLOGIES ET DE MANAGEMENT YOPOUGON -(ISTM YOPOUGON),ABIDJAN,YOPOUGON
159,"100,0","12,5",ASSEZ-BIEN,MERITT BUSINESS SCHOOL -(MBS),ABIDJAN,YOPOUGON
159,"100,0","12,5",ASSEZ-BIEN,CHANTIERS ECOLE DES METIERS DU BATIMENT ET DES TRAVAUX PUBLICS -(CEM-BTP),BONOUA,BONOUA
159,"100,0","12,5",ASSEZ-BIEN,CENTRE INTERNATIONAL DU MANAGEMENT ET DE L'ENTREPRENEURIAT -(CIME-FORMATION ABIDJAN),ABIDJAN,COCODY
159,"100,0","12,5",ASSEZ-BIEN,INSTITUT SUPERIEUR PROFESSIONNEL NOTRE DAME DE LA PAIX TREICHVILLE -(ISP NDP TREICHVILLE),ABIDJAN,TREICHVILLE
165,"99,0","12,38",ASSEZ-BIEN,ECOLE SUPERIEURE DES AFFAIRES ET MANAGEMENT/INSTITUT DES HAUTES ETUDES PROFESSIONNELLES ET TECHNIQUES -(ESAM/IHPT),ABIDJAN,PLATEAU
165,"99,0","12,38",ASSEZ-BIEN,ACADEMIE DES SCIENCES TECHNOLOGIQUES ET COMPTABLES -(ASTC PLATEAU),ABIDJAN,PLATEAU
165,"99,0","12,38",ASSEZ-BIEN,SUP'INTER DALOA -(SUP'INTER DALOA),DALOA,DALOA
165,"99,0","12,38",ASSEZ-BIEN,INSTITUT SUPERIEUR DE TECHNOLOGIE DE DÉVELOPPEMENT DURABLE -(IST2D),DABOU,DABOU
169,"98,0","12,25",ASSEZ-BIEN,GROUPE ITA-INGENIERIE SA ANTENNE SAN-PEDRO -(G2I SAN-PEDRO),SAN PEDRO,SAN PEDRO
169,"98,0","12,25",ASSEZ-BIEN,INSTITUT DE FORMATION SAINTE MARIE ABOBO CAMP COMMANDO -(IFSM ABOBO CAMP COMMANDO),ABIDJAN,ABOBO
169,"98,0","12,25",ASSEZ-BIEN,ECOLE DE FORMATION EN GESTION ET EN TECHNOLOGIE -(EFGT ABIDJAN),ABIDJAN,ABOBO
169,"98,0","12,25",ASSEZ-BIEN,ECOLE TECHNIQUE INFORMATIQUE ET COMMERCIALE BONDOUKOU -(ETIC BONDOUKOU),BONDOUKOU,BONDOUKOU
169,"98,0","12,25",ASSEZ-BIEN,ECOLE DE GESTION ET DE TECHNOLOGIES -(EGETECH),ABIDJAN,RIVIERA
169,"98,0","12,25",ASSEZ-BIEN,ECOLE DES SPÉCIALITÉS MULTIMÉDIA D'ABIDJAN RIVIERA -(ESMA RIVIÉRA),ABIDJAN,RIVIERA
175,"97,0","12,13",ASSEZ-BIEN,INSTITUT SUPERIEUR DE FORMATION ELITE TECHNOLOGIE YOPOUGON NIANGON -(ISF-ELITECH),ABIDJAN,YOPOUGON
175,"97,0","12,13",ASSEZ-BIEN,ECOLE POLYTECHNIQUE LES OSCARS -(EPO),BOUAKE,BOUAKE
175,"97,0","12,13",ASSEZ-BIEN,ECOLE POLYTECHNIQUE D'ABIDJAN -(EPA),ABIDJAN,YOPOUGON
175,"97,0","12,13",ASSEZ-BIEN,ECOLE TECHNIQUE INFORMATIQUE ET COMMERCIALE YOPOUGON -(ETIC YOPOUGON),ABIDJAN,YOPOUGON
175,"97,0","12,13",ASSEZ-BIEN,INSTITUT SUPERIEUR DE MARKETING ET DE COMPTABILITE COCODY -(ISMC COCODY),ABIDJAN,COCODY
175,"97,0","12,13",ASSEZ-BIEN,ECOLE TECHNIQUE INFORMATIQUE ET COMMERCIALE KORHOGO -(ETIC KORHOGO),KORHOGO,KORHOGO
175,"97,0","12,13",ASSEZ-BIEN,INSTITUT SUPEREIRUR DE GESTION D'ECONOMIE ET DE MANAGEMENT -(ISGEMA),ABIDJAN,COCODY
175,"97,0","12,13",ASSEZ-BIEN,"INSTITUT SUPERIEUR DE COMMERCE, D'AGRICULTURE ET DE NOUVELLES TECHNOLOGIES -(ISCANT)",ABIDJAN,COCODY
175,"97,0","12,13",ASSEZ-BIEN,ECOLE SUPERIEURE DE GESTION ET DES SPECIALITES (ESGS) SAN PEDRO,SAN PEDRO,SAN PEDRO
175,"97,0","12,13",ASSEZ-BIEN,INSTITUT SUPERIEUR ARC-EN-CIEL -(ISA),ABIDJAN,COCODY
175,"97,0","12,13",ASSEZ-BIEN,ECOEL SUPERIEURE DE MANAGEMENT ET DE TECHNOLOGIE -(EMATECH),ABIDJAN,COCODY
175,"97,0","12,13",ASSEZ-BIEN,INSTITUT POLYTECHNIQUE DU SUD -(IPS),ABIDJAN,COCODY
187,"96,0","12,0",ASSEZ-BIEN,ECOLE SUPERIEURE DES AFFAIRES ET MANAGEMENT/INSTITUT POLYTECHNIQUE KOKO N'GUESSAN -(ESAM/IPKN),ABIDJAN,PLATEAU
187,"96,0","12,0",ASSEZ-BIEN,GROUPE ONYX EXCELLENCE DALOA -(GOED),DALOA,DALOA
187,"96,0","12,0",ASSEZ-BIEN,INSTITUT INTERNATIONAL DE FORMATION EN ENTREPRENEURIAT-2IAE YAMOUSSOUKRO -(2IFE-2IAE YAMOUSSOUKRO),YAMOUSSOUKRO,YAMOUSSOUKRO
187,"96,0","12,0",ASSEZ-BIEN,GRANDE ECOLE D'INFORMATIQUE ET DE GESTION D'ENTREPRISE -(GEIGE),ABIDJAN,COCODY
187,"96,0","12,0",ASSEZ-BIEN,"ECOLE SUPERIEURE DES TECHNOLOGIES DE L'INDUSTRIE, DU MANAGEMENT ET DE L'ENTREPRENEURIAT -(ESTIME)",ABIDJAN,YOPOUGON
187,"96,0","12,0",ASSEZ-BIEN,INSTITUT D'ENSEIGNEMENT SUPERIEUR LE CAMPUS BOUAKE -(IES-LE CAMPUS BOUAKE),BOUAKE,BOUAKE
187,"96,0","12,0",ASSEZ-BIEN,ECOLE SPECIALE DU BÂTIMENT ET DES TRAVAUX PUBLICS YOPOUGON -(ESBTP YOPOUGON),ABIDJAN,YOPOUGON
194,"95,0","11,88",PASSABLE,SUP'ELITE BUSINESS SCHOOL -(SUP'ELITE),ABIDJAN,COCODY
194,"95,0","11,88",PASSABLE,ECOLE SUPERIEURE SAINT JEAN-MARIE VIANNEY -(E2S-JMV),ABIDJAN,YOPOUGON
194,"95,0","11,88",PASSABLE,ECOLE SUPERIEURE NAYEBA DE DABOU -(ESN),DABOU,DABOU
194,"95,0","11,88",PASSABLE,INSTITUT BENIS SUCCES FORMATION D'AFRIQUE -(IBSFA-ADIAKE),ADIAKE,ADIAKE
194,"95,0","11,88",PASSABLE,Institut International Polytechnique des Elites d'Abidjan Yamoussoukro -(IIPEA YAMOUSSOUKRO),YAMOUSSOUKRO,YAMOUSSOUKRO
194,"95,0","11,88",PASSABLE,UNIVERSITE INTERNATIONALE DE COCODY_GRANDE ECOLE -(UIC_GRANDE ECOLE),ABIDJAN,COCODY
200,"94,0","11,75",PASSABLE,GROUPE CONCORDET BINGERVILLE -(ESGTC BINGERVILLE),ABIDJAN,COCODY
200,"94,0","11,75",PASSABLE,GROUPE DE FORMATION EN COMMERCE ET GESTION DES ENTREPRISES YOPOUGON -(GROUPE CGE YOPOUGON),ABIDJAN,YOPOUGON
200,"94,0","11,75",PASSABLE,ECOLE TECHNIQUE D'ENSEIGNEMENT PROFESSIONNEL PLATEAU -(ETEP PLATEAU),ABIDJAN,PLATEAU
200,"94,0","11,75",PASSABLE,INSTITUT SUPERIEUR TECHNIQUE NOTRE DAME SAINT PIERRE LA CHAPELLE ABOISSO -(IST ND ST PIERRE LA CHAPELLE ABOISSO),ABOISSO,ABOISSO
200,"94,0","11,75",PASSABLE,GROUPE ECOLE DES SCIENCES APPLIQUEES ET GESTION DES ENTREPRISES D'ABIDJAN PLATEAU -(GROUPE ESSA PLATEAU),ABIDJAN,PLATEAU
200,"94,0","11,75",PASSABLE,ECOLE SUPERIEURE DES AFFAIRES ET MANAGEMENT YOPOUGON -(ESAM YOPOUGON),ABIDJAN,YOPOUGON
206,"93,0","11,63",PASSABLE,INSTITUT SUPERIEUR DE FORMATION EN COMMERCE ET GESTION D'ABIDJAN -(ISFCG),ABIDJAN,COCODY
206,"93,0","11,63",PASSABLE,ECOLE SUPERIEURE GADJI -(ESUG),ABIDJAN,PLATEAU
206,"93,0","11,63",PASSABLE,INSTITUT SUPERIEUR POLYTECHNIQUE WASSA BOUAKE -(ISP WASSA BOUAKE),BOUAKE,BOUAKE
206,"93,0","11,63",PASSABLE,"CENTRE D'ETUDES, DE FORMATION EN INFORMATIQUE ET VISIO ENSEIGNEMENT -(CEFIVE)",ABIDJAN,COCODY
206,"93,0","11,63",PASSABLE,ECOLE SUPERIEURE D'INTELLIGENCE ECONOMIQUE YOPOUGON -(ESIE YOPOUGON),ABIDJAN,YOPOUGON
206,"93,0","11,63",PASSABLE,ACADEMIE INTERNATIONALE DES SCIENCES ET TECHNIQUES RIVIERA BONOUMIN -(AIST RIVIERA BONOUMIN),ABIDJAN,RIVIERA
206,"93,0","11,63",PASSABLE,INSTITUT SUPERIEUR DE FORMATION AUX METIERS DE L'INFORMATIQUE -(ISFMI),ABIDJAN,PLATEAU
206,"93,0","11,63",PASSABLE,ACADEMIE INTERNATIONALE DES SCIENCES ET TECHNIQUES TREICHVILLE -(AIST TREICHVILLE),ABIDJAN,TREICHVILLE
206,"93,0","11,63",PASSABLE,EURO-FORMATION MARCORY -(EUROF MARCORY),ABIDJAN,MARCORY
206,"93,0","11,63",PASSABLE,ECOLE SPECIALE DU BÂTIMENT ET DES TRAVAUX PUBLICS PLATEAU -(ESBTP PLATEAU),ABIDJAN,PLATEAU
218,"92,0","11,5",PASSABLE,ECOLE SUPERIEURE DES SCIENCES ECONOMIQUES COMMERCIALES ET DE TECHNOLOGIES POINCARE COCODY -(ESSECT POINCARE COCODY),ABIDJAN,COCODY
218,"92,0","11,5",PASSABLE,ECOLE DES ETUDES COMMERCIALES ET ECONOMIQUES -(EECE),ABIDJAN,COCODY
221,"91,0","11,38",PASSABLE,INSTITUT D'ENSEIGNEMENT SUPERIEUR LE CAMPUS COCODY -(IES-LE CAMPUS COCODY),ABIDJAN,COCODY
221,"91,0","11,38",PASSABLE,ACADEMIE LIBRE DE TECHNOLOGIE-INSTITUT SECONDAIRE DE TECHNOLOGIE -(ALT-ISTEA YOPOUGON),ABIDJAN,YOPOUGON
221,"91,0","11,38",PASSABLE,EURO-FORMATION II PLATEAUX -(EUROF II PLATEAUX),ABIDJAN,COCODY
221,"91,0","11,38",PASSABLE,GROUPE ONYX-EXCELLENCE YOPOUGON -(GOEY),ABIDJAN,YOPOUGON
221,"91,0","11,38",PASSABLE,SUP'BARAKAT -(SUP'BARAKAT),ABIDJAN,YOPOUGON
221,"91,0","11,38",PASSABLE,ESCI PLATEAU -(ESCI PLATEAU),ABIDJAN,PLATEAU
221,"91,0","11,38",PASSABLE,ECOLE POLYFINANCE ET DE TECHNOLOGIE APPLIQUEE -(EPTA),ABIDJAN,COCODY
221,"91,0","11,38",PASSABLE,INSTITUT SUPERIEUR DE TECHNOLOGIE DE L'IFFOU -(ISTI),DAOUKRO,DAOUKRO
221,"91,0","11,38",PASSABLE,NBA BUSINESS SCHOOL -(NBS SARL),ABIDJAN,COCODY
230,"90,0","11,25",PASSABLE,DEMING EXCELLENCE INSTITUTE GRANDE ÉCOLE (DEI),ABIDJAN,COCODY
230,"90,0","11,25",PASSABLE,INSTITUT SUPÉRIEUR DE GESTION YOH -(ISG YOH),ABIDJAN,COCODY
230,"90,0","11,25",PASSABLE,INSTITUT VOLTAIRE D'ENSEIGNEMENT SUPERIEUR TECHNIQUE ET PROFESSIONNEL TREICHVILLE -(IVESTP TREICHVILLE),ABIDJAN,TREICHVILLE
233,"89,0","11,13",PASSABLE,INSTITUT SUPERIEUR DES SCIENCES ET DE GESTION -(IS2G),ABIDJAN,YOPOUGON
233,"89,0","11,13",PASSABLE,GROUPE ITA-INGENIERIE SA ANTENNE YOPOUGON -(G2I YOPOUGON),ABIDJAN,YOPOUGON
233,"89,0","11,13",PASSABLE,INSTITUT DES HAUTES ETUDES COMMERCIALES D'ABIDJAN -(IHEC ABIDJAN),ABIDJAN,COCODY
233,"89,0","11,13",PASSABLE,INSTITUT SUPERIEUR GRACE MARIE -(ISGM),ABIDJAN,KOUMASSI
237,"88,0","11,0",PASSABLE,ECOLE CENTRALE D'ABIDJAN -(ECA),ABIDJAN,COCODY
237,"88,0","11,0",PASSABLE,PROMOTRAN ISF -(PISF),ABIDJAN,COCODY
237,"88,0","11,0",PASSABLE,ACADEMIE INTERNATIONALE DES SCIENCES ET TECHNIQUES TOUMODI -(AIST TOUMODI),TOUMODI,TOUMODI
237,"88,0","11,0",PASSABLE,INSTITUT SUPERIEUR BLAISE PASCAL BINGERVILLE -(ISBP),ABIDJAN,BINGERVILLE
237,"88,0","11,0",PASSABLE,ECOLE SUPERIEURE D'INFORMATIQUE ET DE COMMERCE KORHOGO -(ESICOM KORHOGO),KORHOGO,KORHOGO
237,"88,0","11,0",PASSABLE,INSTITUT SUPERIEUR N'GOTTA TOUMODI -(ISNT),TOUMODI,TOUMODI
243,"87,0","10,88",PASSABLE,ESCI YOPOUGON -(ESCI YOPOUGON),ABIDJAN,YOPOUGON
243,"87,0","10,88",PASSABLE,CENTRE DES ETUDES SUPERIEURES DES ETUDES D'ABIDJAN KOUMASSI -(CESA KOUMASSI),ABIDJAN,KOUMASSI
246,"86,0","10,75",PASSABLE,ECOLE SUPERIEURE DE FORMATION AUX METIERS D'INFORMATIQUE ET DE GESTION -(ESFIG),ABIDJAN,COCODY
246,"86,0","10,75",PASSABLE,ECOLE SUPERIEURE DE TECHNOLOGIE DE COMMERCE ET DE MANAGEMENT ANYAMA -(ESTCOM),ABIDJAN,ANYAMA
246,"86,0","10,75",PASSABLE,INSTITUT SUPERIEUR DE TECHNOLOGIE APPLIQUEE DE YAMOUSSOUKRO -(ISTA),YAMOUSSOUKRO,YAMOUSSOUKRO
246,"86,0","10,75",PASSABLE,ECOLE DES SPÉCIALITÉS MULTIMÉDIA D'ABIDJAN ODIENNE -(ESMA ODIENNÉ),ODIENNE,ODIENNE
250,"85,0","10,63",PASSABLE,INSTITUT DES HAUTES ETUDES PROFESSIONNELLES AFRIQUE -(IHEP AFRIQUE),ABIDJAN,COCODY
250,"85,0","10,63",PASSABLE,INSTITUT DES METIERS DE COMMERCE -(IMC),ABIDJAN,YOPOUGON
250,"85,0","10,63",PASSABLE,INSTITUT DES NOUVELLES TECHNIQUES AGRICOLES -(INTA),AZAGUIE,AZAGUIE
250,"85,0","10,63",PASSABLE,INSTITUT SUPERIEUR LES ELITES KORHOGO -(ISE KORHOGO),KORHOGO,KORHOGO
250,"85,0","10,63",PASSABLE,ACADEMIE INTERNATIONALE DES SCIENCES ET TECHNIQUES PLATEAU -(AIST PLATEAU),ABIDJAN,PLATEAU
250,"85,0","10,63",PASSABLE,ECOLE SUPERIEUR DE COMMERCE ET DE GESTION LA SORBONNE -(ESCG LA SORBONNE),ABIDJAN,YOPOUGON
250,"85,0","10,63",PASSABLE,ECOLE POLYTECHNIQUE LEONARD DE VINCI -(EPLDV),DALOA,DALOA
257,"84,0","10,5",PASSABLE,INSTITUT SUPERIEUR DES TECHNOLOGIES ET DE MANAGEMENT ABIDJAN (ISTEMA PLATEAU),ABIDJAN,PLATEAU
257,"84,0","10,5",PASSABLE,INSTITUT DE FORMATION PROFESSIONNELLE ET GENERALE/INSTITUT SUPERIEUR DE FORMATION TECHNIQUE ET PROFESSIONNELLE KORHOGO -(IFPG/ISFPT KORHOGO),KORHOGO,KORHOGO
259,"83,0","10,38",PASSABLE,ECOLE POLYTECHNIQUE INTERNATIONALE DE YAMOUSSOUKRO -(EPI-YAKRO),YAMOUSSOUKRO,YAMOUSSOUKRO
259,"83,0","10,38",PASSABLE,IST SAINT JACQUES BOUAKE -(ISTSJBKE),BOUAKE,BOUAKE
259,"83,0","10,38",PASSABLE,INSTITUT SUPERIEUR KLEYS -(KLEYS),ABIDJAN,COCODY
259,"83,0","10,38",PASSABLE,INSTITUT DES SCIENCES ET TECHNIQUES -(ISET Sarl),KATIOLA,KATIOLA
259,"83,0","10,38",PASSABLE,INSTITUT INTERNATIONAL DES ARTS ET METIERS DE COTE D IVOIRE (2IAM),ABIDJAN,COCODY
264,"82,0","10,25",PASSABLE,GROUPE ONYX EXCELLENCE KORHOGO -(GOEK),KORHOGO,KORHOGO
264,"82,0","10,25",PASSABLE,SUP'INTER YOPOUGON -(SUP'INTER YOPOUGON),ABIDJAN,YOPOUGON
264,"82,0","10,25",PASSABLE,INSTITUT DE FORMATION PROFESSIONNELLE ET GENERALE/INSTITUT SUPERIEUR DE FORMATION TECHNIQUE ET PROFESSIONNELLE PLATEAU -(IFPG/ISFPT PLATEAU),ABIDJAN,PLATEAU
264,"82,0","10,25",PASSABLE,ECOLE SUPERIEURE LE PETIT CHAMPION -(ESPC),ABIDJAN,ABOBO
264,"82,0","10,25",PASSABLE,EURO-FORMATION YOPOUGON -(EUROF YOPOUGON),ABIDJAN,YOPOUGON
264,"82,0","10,25",PASSABLE,ECOLE SUPERIEURE GUE PASCAL -(ESGP),MAN,MAN
264,"82,0","10,25",PASSABLE,INSTITUT POLYTECHNIQUE DES METIERS DE BONGOUANOU -(INPM-B),BONGOUANOU,BONGOUANOU
264,"82,0","10,25",PASSABLE,INSTITUT PROSELYTE -(IP),ABIDJAN,YOPOUGON
264,"82,0","10,25",PASSABLE,INSTITUT SUPERIEUR D'ADMINISTRATION D'ENTREPRISE -(ISAE ABIDJAN),ABIDJAN,COCODY
274,"81,0","10,13",PASSABLE,ACADEMIE DE GESTION ET D'HOTELLERIE -(AGH),ABIDJAN,MARCORY
274,"81,0","10,13",PASSABLE,INSTITUT SUPERIEUR DE TECHNOLOGIE DUBASS -(IST-DUBASS),ABIDJAN,RIVIERA
274,"81,0","10,13",PASSABLE,INSTITUT DES SCIENCES ET INGENIERIES DE DEVELOPPEMENT -(ISID),ABIDJAN,COCODY
274,"81,0","10,13",PASSABLE,INSTITUT SUPERIEUR LES CAIMANS-SAN PEDRO -(ISC-SAN PEDRO),SAN PEDRO,SAN PEDRO
278,"80,0","10,0",PASSABLE,CENTRE DES ETUDES SUPERIEURES DES ETUDES D'ABIDJAN YOPOUGON -(CESA YOPOUGON),ABIDJAN,YOPOUGON
278,"80,0","10,0",PASSABLE,GROUPE ONYX EXCELLENCE SAN-PEDRO -(GOESP),SAN PEDRO,SAN PEDRO
278,"80,0","10,0",PASSABLE,GROUPE CONCORDET N'DOTRE -(ESGTC N'DOTRE),ABIDJAN,ABOBO
278,"80,0","10,0",PASSABLE,ECOLE INTERNATIONALE TERTIAIRE DES NOUVELLES TECHNOLOGIES DE L'INFORMATION ET DE LA COMMUNICATION BOUAKE -(EIT-NTIC BOUAKE),BOUAKE,BOUAKE
278,"80,0","10,0",PASSABLE,ECOLE SUPERIEURE DE COMMERCE D'ABENGOUROU -(ESC ABENGOUROU),ABENGOUROU,ABENGOUROU
278,"80,0","10,0",PASSABLE,ECOLE INTERNATIONALE DES AFFAIRES DES FINANCES ET DE LA COMPTABILITE -(EIAFC),DALOA,DALOA
278,"80,0","10,0",PASSABLE,ECOLE TECHNIQUE INFORMATIQUE ET COMMERCIALE ODIENNE -(ETIC ODIENNE),ODIENNE,ODIENNE
285,"79,0","9,88",INSUFFISANT,ECOLE SUPERIEURE D'INFORMATIQUE ET DE COMMERCE COCODY -(ESICOM COCODY),ABIDJAN,COCODY
286,"78,0","9,75",INSUFFISANT,INSTITUT SUPERIEUR SAINT JAURES -(IS2J),ABIDJAN,ABOBO
286,"78,0","9,75",INSUFFISANT,ECOLE SUPERIEURE DES TECHNIQUES ET SPECIALITES POUR L'EDUCATION ET LA FORMATION -(EDUFOR),ABIDJAN,YOPOUGON
286,"78,0","9,75",INSUFFISANT,INSTITUT SUPERIEUR DES TECHNOLOGIES APPLIQUEES DE BONDOUKOU -(ITAB),BONDOUKOU,BONDOUKOU
286,"78,0","9,75",INSUFFISANT,GROUPE YAL -(GYAL),DIVO,DIVO
290,"77,0","9,63",INSUFFISANT,INSTITUT SUPERIEUR TECHNIQUE SAINT JACQUES -(IST St JACQUES),ABIDJAN,COCODY
291,"76,0","9,5",INSUFFISANT,GROUPE ONYX EXCELLENCE ABENOUROU -(GOEA),ABENGOUROU,ABENGOUROU
292,"75,0","9,38",INSUFFISANT,INTERNATIONAL TECHNOLOGY ACADEMY DALOA -(IT ACADEMY DALOA),DALOA,DALOA
292,"75,0","9,38",INSUFFISANT,ECOLE SUPERIEURE LA BONNE ESPERANCE -(ESBE),ABIDJAN,COCODY
294,"74,0","9,25",INSUFFISANT,CENTRE DE FORMATION EN ADMINISTRATION ET EN MECANIQUE -(CFAM),ABIDJAN,COCODY
294,"74,0","9,25",INSUFFISANT,INSTITUT DE COMMUNICATION DE GESTION ET D'ETUDE SCIENTIFIQUE PLATEAU -(ICOGES PLATEAU),ABIDJAN,PLATEAU
294,"74,0","9,25",INSUFFISANT,INSTITUT TECHNIQUE ET PROFESSIONNEL - CERIN -(ITP - CERIN),ABIDJAN,YOPOUGON
294,"74,0","9,25",INSUFFISANT,ECOLE INTERNATIONALE TERTIAIRE DES NOUVELLES TECHNOLOGIES DE L'INFORMATION ET DE LA COMMUNICATION COCODY -(EIT-NTIC COCODY),ABIDJAN,COCODY
298,"73,0","9,13",INSUFFISANT,LEGACY INSTITUTE -(LEGACY),ABIDJAN,ABOBO
300,"72,0","9,0",INSUFFISANT,ECOLE SUPERIEURE KINDALL -(ESK),ABIDJAN,ANYAMA
300,"72,0","9,0",INSUFFISANT,INSTITUT SUPERIEUR DE FORMATION SIBATA -(ISFOS),ABIDJAN,YOPOUGON
300,"72,0","9,0",INSUFFISANT,ECOLE SUPERIEURE D'INTELLIGENCE ECONOMIQUE COCODY -(ESIE COCODY),ABIDJAN,COCODY
303,"69,0","8,63",INSUFFISANT,GROUPE ECOLE DES SCIENCES APPLIQUEES ET GESTION DES ENTREPRISES DE GAGNOA -(GROUPE ESSA GAGNOA),GAGNOA,GAGNOA
304,"68,0","8,5",INSUFFISANT,INSTITUT SUPERIEUR D'ETUDES COMMERCIALES -(ISEC),BOUAFLE,BOUAFLE
305,"66,0","8,25",INSUFFISANT,ESCOM ESPACE FLORA -(ESCOM),DALOA,DALOA
305,"66,0","8,25",INSUFFISANT,INSTITUT SUP√âRIEUR DE FORMATION TECHNIQUE ET TERTIAIRE YOPOUGON -(ISFOTT),ABIDJAN,YOPOUGON
305,"66,0","8,25",INSUFFISANT,INSTITUT NATIONAL D'INTELLIGENCE NUMERIQUE ECONOMIQUE ET COMMERCIALE -(INEC),DALOA,DALOA
308,"65,0","8,13",INSUFFISANT,INSTITUT DE FORMATION DOUMBIA TOUMANY MUHAMMAD -(IF-DTM),ABIDJAN,YOPOUGON
308,"65,0","8,13",INSUFFISANT,INSTITUT D'ENSEIGNEMENT SUPERIEUR LE CAMPUS MAN -(IES-LE CAMPUS MAN),MAN,MAN
308,"65,0","8,13",INSUFFISANT,HAUTES ETUDES DE COMMERCE ET D'ADMINISTRATION DES ENTREPRISES YAMOUSSOUKRO -(HEC-AD YAMOUSSOUKRO),YAMOUSSOUKRO,YAMOUSSOUKRO
311,"64,0","8,0",INSUFFISANT,CENTRALE SUP -(CS),ABIDJAN,COCODY
311,"64,0","8,0",INSUFFISANT,INSTITUT INTERNATIONAL DE FORMATION TECHNIQUE ET PROFESSIONNELLE -(2IFTP),YAMOUSSOUKRO,YAMOUSSOUKRO
314,"63,0","7,88",INSUFFISANT,ECOLE SUPERIEURE DE COMMERCE D'ADMINISTRATION ET DE MANAGEMENT BOUAKE -(ESCAM BOUAKE),BOUAKE,BOUAKE
315,"61,0","7,63",INSUFFISANT,INSTITUT SUPERIEUR AFRICAIN DE COMMERCE ET DE MANAGEMENT -(ISACM),KORHOGO,KORHOGO
316,"60,0","7,5",INSUFFISANT,COURS SUPERIEUR SAINT PIERRE MARCORY -(CSSP MARCORY),ABIDJAN,MARCORY
317,"59,0","7,38",INSUFFISANT,ECOLE SUPERIEURE DES TECHNOLOGIES AVANCEES ET DE MANAGEMENT AGBOVILLE (ESTAM AGBOVILLE),AGBOVILLE,AGBOVILLE
317,"59,0","7,38",INSUFFISANT,INTERNATIONAL BUSINESS SCHOOL COTE D'IVOIRE -(IBS-CI),ABIDJAN,YOPOUGON
319,"57,0","7,13",INSUFFISANT,HAUTES ETUDES COMMERCIALES LA ROCHE RIVERA -(HEC LA ROCHE RIVERA),ABIDJAN,RIVIERA
319,"57,0","7,13",INSUFFISANT,ECOLE SUPERIEURE YOBOUE KOUASSI BLE -(ESYKB),ABIDJAN,YOPOUGON
319,"57,0","7,13",INSUFFISANT,INSTITUT SUPERIEUR DE FORMATION PROFESSIONNELLE HARIEL -(ISFPH),BOUAKE,BOUAKE
322,"56,0","7,0",INSUFFISANT,ECOLE SUPERIEURE DE COMMERCE D'ADMINISTRATION ET DE MANAGEMENT SAN-PEDRO -(ESCAM SAN-PEDRO),SAN PEDRO,SAN PEDRO
324,"55,0","6,88",INSUFFISANT,INSTITUT D'ENSEIGNEMENT SUPERIEUR EYLIM -(IESE),YAMOUSSOUKRO,YAMOUSSOUKRO
325,"54,0","6,75",INSUFFISANT,ECOLE TECHNIQUE SUPERIEURE SAGUIDIBA YOPOUGON -(ESTA YOPOUGON),ABIDJAN,YOPOUGON
326,"49,0","6,13",INSUFFISANT,GROUPE DE FORMATION EN COMMERCE ET GESTION DES ENTREPRISES DALOA -(GROUPE CGE DALOA),DALOA,DALOA
326,"49,0","6,13",INSUFFISANT,AFRICAN VISION INSTITUT DE DEVELOPPEMENT ET D'ECONOMIE -(AVIDE EDUCATION),ABIDJAN,COCODY
328,"48,0","6,0",INSUFFISANT,ATSAM-AGI,ABIDJAN,YOPOUGON
328,"48,0","6,0",INSUFFISANT,Ecole Supérieure de Management La Perruche -(ESM LA PERRUCHE),ABIDJAN,ANYAMA
330,"46,0","5,75",INSUFFISANT,GROUPE EXPERT METIER SA -(GEM SA),ABIDJAN,COCODY
330,"46,0","5,75",INSUFFISANT,INSTITUT SAINT SAUVEUR DE MEMNI -(ISSM),ALEPE,ALEPE
332,"45,0","5,63",INSUFFISANT,ECOLE SUPERIEUR POLYTECHNIQUE -(ESP),ABIDJAN,COCODY
333,"44,0","5,5",INSUFFISANT,INSTITUT SUPERIEUR DES METIERS DE GESTION ET DE TECHNOLOGIE -(ISMGT),ABIDJAN,COCODY
334,"43,0","5,38",INSUFFISANT,GROUPE ECOLE DE TECHNOLOGIE ET DE COMMERCE PORT-BOUËT -(GROUPE ETEC PORT-BOUËT),ABIDJAN,PORT BOUET
334,"43,0","5,38",INSUFFISANT,INTERNATIONAL PROFESSIONNEL INSTITUT -(IPI),SAN PEDRO,SAN PEDRO
336,"42,0","5,25",INSUFFISANT,INSTITUT SUPERIEUR ROBERT DION -(ISRD),MAN,MAN
337,"40,0","5,0",INSUFFISANT,GROUPE ECOLE DE TECHNOLOGIE ET DE COMMERCE YOPOUGON -(GROUPE ETEC YOPOUGON),ABIDJAN,YOPOUGON
338,"39,0","4,88",INSUFFISANT,IMBA INTERNATIONAL BUSINESS SCHOOL -(IMBA),ABIDJAN,BINGERVILLE
339,"38,0","4,75",INSUFFISANT,GROUPE D'ENSEIGNEMENT SUPERIEUR ET PROFESSIONNEL D'AGBE LAKOTA -(GESSP LAKOTA),LAKOTA,LAKOTA
340,"35,0","4,38",INSUFFISANT,ECOLE DES SCIENCES APPLIQUEES -(ESAP),ABIDJAN,YOPOUGON
341,"34,0","4,25",INSUFFISANT,INSTITUT IMPERIAL -(2I),ABIDJAN,COCODY
341,"34,0","4,25",INSUFFISANT,INSTITUT SUPERIEUR BOSOL GAGNOA -(ISB GAGNOA),GAGNOA,GAGNOA
343,"33,0","4,13",INSUFFISANT,INSTITUT DE FORMATION ET D'ENSEIGNEMENT SUPERIEUR -(IFES),ABIDJAN,YOPOUGON
344,"28,0","3,5",INSUFFISANT,INSTITUT SUPERIEUR SAINT CYRILLE -(I2SC),ABIDJAN,YOPOUGON
345,"25,0","3,13",INSUFFISANT,INSTITUT SUPÉRIEUR DE MARKETING ET DE COMPTABILITE DALOA -(ISMC DALOA),DALOA,DALOA
346,"22,0","2,75",INSUFFISANT,ECOLE SUPERIEUR FATOUMABA -(ESFAT),ABIDJAN,YOPOUGON
347,"18,0","2,25",INSUFFISANT,GROUPE ECOLES BETHEL -(GEB),ABIDJAN,RIVIERA
348,"13,0","1,63",INSUFFISANT,CENTRE DE FORMATION DES CADRES -(CFC),DALOA,DALOA
